stock,year,bbmsy,ffmsy,bbmsy.effEdepP,ffmsy.effEdepP
Cynoglossidae,1950,1.34257291281987,0.0234104395989764,1.34257291281987,0.0234104395989764
Cynoglossidae,1951,1.07836381924006,0.0291462134782498,1.07836381924006,0.0291462134782498
Cynoglossidae,1952,1.16630377404589,0.0538971454645309,1.16630377404589,0.0538971454645309
Cynoglossidae,1953,1.18387757915202,0.0530970813811749,1.18387757915202,0.0530970813811749
Cynoglossidae,1954,1.14404193300075,0.0549459266765722,1.14404193300075,0.0549459266765722
Cynoglossidae,1955,1.02198505323444,0.0615081834774766,1.02198505323444,0.0615081834774766
Cynoglossidae,1956,0.747645223436102,0.0420389525640802,0.747645223436102,0.0420389525640802
Cynoglossidae,1957,0.773456597047469,0.0406360514640003,0.773456597047469,0.0406360514640003
Cynoglossidae,1958,1.0082250083127,0.0623476343547381,1.0082250083127,0.0623476343547381
Cynoglossidae,1959,1.10785124913253,0.0567408704145107,1.10785124913253,0.0567408704145107
Cynoglossidae,1960,1.19452423308649,0.0526238333425519,1.19452423308649,0.0526238333425519
Cynoglossidae,1961,1.22337006252155,0.0513830165469456,1.22337006252155,0.0513830165469456
Cynoglossidae,1962,1.68569474169939,0.055935789509148,1.68569474169939,0.055935789509148
Cynoglossidae,1963,2.55557379060029,0.0860908635817011,2.55557379060029,0.0860908635817011
Cynoglossidae,1964,2.98915756616603,0.0736031974593205,2.98915756616603,0.0736031974593205
Cynoglossidae,1965,2.72768966944725,0.0921812255546229,2.72768966944725,0.0921812255546229
Cynoglossidae,1966,3.32147429926895,0.141940984262813,3.32147429926895,0.141940984262813
Cynoglossidae,1967,3.00967207771027,0.125316863517051,3.00967207771027,0.125316863517051
Cynoglossidae,1968,2.72364295815158,0.103857959024518,2.72364295815158,0.103857959024518
Cynoglossidae,1969,2.5421943690559,0.111270799034212,2.5421943690559,0.111270799034212
Cynoglossidae,1970,2.31158099323776,0.108774807111623,2.31158099323776,0.108774807111623
Cynoglossidae,1971,2.19088936018684,0.100421115998654,2.19088936018684,0.100421115998654
Cynoglossidae,1972,2.30585551010709,0.0954142848999771,2.30585551010709,0.0954142848999771
Cynoglossidae,1973,3.56581660707772,0.220357813834328,3.56581660707772,0.220357813834328
Cynoglossidae,1974,2.01403499885301,0.124064510150267,2.01403499885301,0.124064510150267
Cynoglossidae,1975,1.90920705321124,0.131205711595562,1.90920705321124,0.131205711595562
Cynoglossidae,1976,1.76395260183513,0.164282559124241,1.76395260183513,0.164282559124241
Cynoglossidae,1977,1.8828439732164,0.220513881989072,1.8828439732164,0.220513881989072
Cynoglossidae,1978,1.60602482844498,0.276526881878811,1.60602482844498,0.276526881878811
Cynoglossidae,1979,1.51217107076464,0.226138975194028,1.51217107076464,0.226138975194028
Cynoglossidae,1980,1.10624129224371,0.123022764176936,1.10624129224371,0.123022764176936
Cynoglossidae,1981,1.41525098287289,0.234963093938936,1.41525098287289,0.234963093938936
Cynoglossidae,1982,1.38034621539441,0.299423011255631,1.38034621539441,0.299423011255631
Cynoglossidae,1983,0.998430133819383,0.206191647937106,0.998430133819383,0.206191647937106
Cynoglossidae,1984,1.01540983892491,0.2213156493834,1.01540983892491,0.2213156493834
Cynoglossidae,1985,1.41737612795439,0.30889683054361,1.41737612795439,0.30889683054361
Cynoglossidae,1986,1.71214533880282,0.277744680510093,1.71214533880282,0.277744680510093
Cynoglossidae,1987,1.71841122269078,0.310203145490085,1.71841122269078,0.310203145490085
Cynoglossidae,1988,1.57921011851765,0.353070267984412,1.57921011851765,0.353070267984412
Cynoglossidae,1989,1.56060948729021,0.302699837308185,1.56060948729021,0.302699837308185
Cynoglossidae,1990,1.84623826040894,0.372143005300754,1.84623826040894,0.372143005300754
Cynoglossidae,1991,2.76657180873186,0.516344303500175,2.76657180873186,0.516344303500175
Cynoglossidae,1992,2.43663774977883,0.524215889522595,2.43663774977883,0.524215889522595
Cynoglossidae,1993,2.23799159086546,0.519766260084236,2.23799159086546,0.519766260084236
Cynoglossidae,1994,1.97415951429363,0.581428046798056,1.97415951429363,0.581428046798056
Cynoglossidae,1995,1.59203032343803,0.409651184789954,1.59203032343803,0.409651184789954
Cynoglossidae,1996,1.45862049759124,0.492585204992752,1.45862049759124,0.492585204992752
Cynoglossidae,1997,1.39651253159165,0.567831999505967,1.39651253159165,0.567831999505967
Cynoglossidae,1998,1.19098106413167,0.569500400110184,1.19098106413167,0.569500400110184
Cynoglossidae,1999,1.09415732255772,0.593468941662379,1.09415732255772,0.593468941662379
Cynoglossidae,2000,1.01724784507906,0.660275516098094,1.01724784507906,0.660275516098094
Cynoglossidae,2001,0.928364391601317,0.651040880197437,0.928364391601317,0.651040880197437
Cynoglossidae,2002,0.853045301774933,0.732841639155596,0.853045301774933,0.732841639155596
Cynoglossidae,2003,0.688264986903793,0.631559035656373,0.688264986903793,0.631559035656373
Cynoglossidae,2004,0.545013281037703,0.567460273088782,0.545013281037703,0.567460273088782
Cynoglossidae,2005,0.477380693274866,0.59715886776925,0.477380693274866,0.59715886776925
Cynoglossidae,2006,0.437409322435332,0.651728483297391,0.437409322435332,0.651728483297391
Cynoglossidae,2007,0.428371620258318,0.666945953516458,0.428371620258318,0.666945953516458
Cynoglossidae,2008,0.433668577104409,0.726201624688496,0.433668577104409,0.726201624688496
Cynoglossidae,2009,0.432757251476257,0.73426740782056,0.432757251476257,0.73426740782056
Cynoglossidae,2010,0.424253621874249,0.759356572904173,0.424253621874249,0.759356572904173
Cynoglossidae,2011,0.444309527783747,0.737105314253103,0.444309527783747,0.737105314253103
Cynoglossidae,2012,0.455258210520203,0.729734115142033,0.455258210520203,0.729734115142033
Cynoglossidae,2013,0.45015063734758,0.750581826076858,0.45015063734758,0.750581826076858
Cynoglossidae,2014,0.439689897014987,0.779161456809069,0.439689897014987,0.779161456809069
Cynoglossidae,2015,0.447744002324858,0.788310713615453,0.447744002324858,0.788310713615453
Cynoglossidae,2016,0.479122279650196,0.82393077117615,0.479122279650196,0.82393077117615
Cynoglossidae,2017,0.503739081188382,0.803632824102771,0.503739081188382,0.803632824102771
Cynoglossidae,2018,0.533109813139089,0.82303099560708,0.533109813139089,0.82303099560708
Cynoglossidae,2019,0.565029462810409,0.722579284316818,0.565029462810409,0.722579284316818
Cynoglossidae,2020,0.680143049279818,0.602593963716276,0.680143049279818,0.602593963716276
Leiognathidae,1950,1.96170653156948,0.148011036284765,1.96170653156948,0.148011036284765
Leiognathidae,1951,2.07010492101262,0.140260628182151,2.07010492101262,0.140260628182151
Leiognathidae,1952,2.17161631713895,0.139434377231129,2.17161631713895,0.139434377231129
Leiognathidae,1953,1.47069266337985,0.118456108684292,1.47069266337985,0.118456108684292
Leiognathidae,1954,1.90800614643212,0.202177711583102,1.90800614643212,0.202177711583102
Leiognathidae,1955,2.20172980005335,0.107384335114132,2.20172980005335,0.107384335114132
Leiognathidae,1956,2.10542558190447,0.24429348611676,2.10542558190447,0.24429348611676
Leiognathidae,1957,2.23547565862522,0.217093096776947,2.23547565862522,0.217093096776947
Leiognathidae,1958,2.36319507482358,0.233443704018869,2.36319507482358,0.233443704018869
Leiognathidae,1959,2.59233159059131,0.196808864897616,2.59233159059131,0.196808864897616
Leiognathidae,1960,2.78991741227176,0.206658632019705,2.78991741227176,0.206658632019705
Leiognathidae,1961,1.77945758558503,0.261072110041876,1.77945758558503,0.261072110041876
Leiognathidae,1962,2.18215866961347,0.22239736287664,2.18215866961347,0.22239736287664
Leiognathidae,1963,2.24945454217475,0.219431937390438,2.24945454217475,0.219431937390438
Leiognathidae,1964,2.76119522626868,0.19528834988376,2.76119522626868,0.19528834988376
Leiognathidae,1965,2.03887463985133,0.286852530899778,2.03887463985133,0.286852530899778
Leiognathidae,1966,2.17389124217129,0.36062355359705,2.17389124217129,0.36062355359705
Leiognathidae,1967,2.71509790547239,0.307072312850687,2.71509790547239,0.307072312850687
Leiognathidae,1968,2.35522829336639,0.241277961337289,2.35522829336639,0.241277961337289
Leiognathidae,1969,2.46981609055623,0.443373169604956,2.46981609055623,0.443373169604956
Leiognathidae,1970,2.10158215285046,0.396716060953715,2.10158215285046,0.396716060953715
Leiognathidae,1971,1.52487505577451,0.353621929483949,1.52487505577451,0.353621929483949
Leiognathidae,1972,2.26585063421125,0.225166579861566,2.26585063421125,0.225166579861566
Leiognathidae,1973,1.98484473586685,0.384522166490905,1.98484473586685,0.384522166490905
Leiognathidae,1974,1.30528772136441,0.757487448759156,1.30528772136441,0.757487448759156
Leiognathidae,1975,1.14078860472764,0.411596193641173,1.14078860472764,0.411596193641173
Leiognathidae,1976,0.94016181235472,0.374263054243217,0.94016181235472,0.374263054243217
Leiognathidae,1977,0.801048711005264,0.581346275068582,0.801048711005264,0.581346275068582
Leiognathidae,1978,0.675716221318538,0.504281830219312,0.675716221318538,0.504281830219312
Leiognathidae,1979,0.580906532250215,0.73424952301486,0.580906532250215,0.73424952301486
Leiognathidae,1980,0.734382025476635,0.653945572789202,0.734382025476635,0.653945572789202
Leiognathidae,1981,0.691814050572128,0.653892283810049,0.691814050572128,0.653892283810049
Leiognathidae,1982,0.690461101578191,0.981558873085794,0.690461101578191,0.981558873085794
Leiognathidae,1983,0.94874023488283,0.814945726204924,0.94874023488283,0.814945726204924
Leiognathidae,1984,0.808355952548758,0.677588243579609,0.808355952548758,0.677588243579609
Leiognathidae,1985,0.716401885220186,0.716619742014755,0.716401885220186,0.716619742014755
Leiognathidae,1986,0.703410370284821,1.05412393992761,0.703410370284821,1.05412393992761
Leiognathidae,1987,0.493804173677502,0.812860616196793,0.493804173677502,0.812860616196793
Leiognathidae,1988,0.422175683073541,0.531341289711406,0.422175683073541,0.531341289711406
Leiognathidae,1989,0.418583034443309,1.07408262605194,0.418583034443309,1.07408262605194
Leiognathidae,1990,0.408009266698349,1.1529525148084,0.408009266698349,1.1529525148084
Leiognathidae,1991,0.43838651022355,0.821377253611618,0.43838651022355,0.821377253611618
Leiognathidae,1992,0.389484545008216,0.923866780740657,0.389484545008216,0.923866780740657
Leiognathidae,1993,0.34387527250613,1.4198501429956,0.34387527250613,1.4198501429956
Leiognathidae,1994,0.308267537322165,1.40704961745432,0.308267537322165,1.40704961745432
Leiognathidae,1995,0.316536015283867,1.037188960504,0.316536015283867,1.037188960504
Leiognathidae,1996,0.277083943204176,1.65776611010979,0.277083943204176,1.65776611010979
Leiognathidae,1997,0.305064624090061,1.78417841882664,0.305064624090061,1.78417841882664
Leiognathidae,1998,0.244241700877876,1.6811311909661,0.244241700877876,1.6811311909661
Leiognathidae,1999,0.230087533156262,1.75894927138648,0.230087533156262,1.75894927138648
Leiognathidae,2000,0.16219998595043,1.37300680296492,0.16219998595043,1.37300680296492
Leiognathidae,2001,0.283380426407828,1.0376364621229,0.283380426407828,1.0376364621229
Leiognathidae,2002,0.387934697075166,1.47136854479082,0.387934697075166,1.47136854479082
Leiognathidae,2003,0.382794283799117,1.43510548903927,0.382794283799117,1.43510548903927
Leiognathidae,2004,0.317550669809829,1.73244251849538,0.317550669809829,1.73244251849538
Leiognathidae,2005,0.35669353381314,1.60314621894437,0.35669353381314,1.60314621894437
Leiognathidae,2006,0.370087072001833,1.76514003771359,0.370087072001833,1.76514003771359
Leiognathidae,2007,0.426280789215123,1.84665080003108,0.426280789215123,1.84665080003108
Leiognathidae,2008,0.44146022468773,1.53923680378877,0.44146022468773,1.53923680378877
Leiognathidae,2009,0.317635772943745,1.76305811001848,0.317635772943745,1.76305811001848
Leiognathidae,2010,0.29694800415175,2.22490224249433,0.29694800415175,2.22490224249433
Leiognathidae,2011,0.338168873737279,1.30201643060074,0.338168873737279,1.30201643060074
Leiognathidae,2012,0.385274467625393,1.51382640652295,0.385274467625393,1.51382640652295
Leiognathidae,2013,0.474269319286173,1.24445571334384,0.474269319286173,1.24445571334384
Leiognathidae,2014,0.671038781698669,1.77002607636964,0.671038781698669,1.77002607636964
Leiognathidae,2015,0.529013792883763,1.77697165660531,0.529013792883763,1.77697165660531
Leiognathidae,2016,0.479383125454165,1.86584978987385,0.479383125454165,1.86584978987385
Leiognathidae,2017,0.546008201277503,1.59160644166685,0.546008201277503,1.59160644166685
Leiognathidae,2018,0.45850373984252,1.65075958628639,0.45850373984252,1.65075958628639
Leiognathidae,2019,0.576255278019472,1.68744479176442,0.576255278019472,1.68744479176442
Leiognathidae,2020,0.553578205345381,1.72337167227215,0.553578205345381,1.72337167227215
Lutjanidae,1950,1.25311108407386,0.0238266925342988,1.25311108407386,0.0238266925342988
Lutjanidae,1951,1.0246277456572,0.0291398438487521,1.0246277456572,0.0291398438487521
Lutjanidae,1952,0.843549300814693,0.0353950770662883,0.843549300814693,0.0353950770662883
Lutjanidae,1953,0.815998403603068,0.0365901359361892,0.815998403603068,0.0365901359361892
Lutjanidae,1954,0.858573397566352,0.041730842249967,0.858573397566352,0.041730842249967
Lutjanidae,1955,0.881430565818184,0.0406486822709642,0.881430565818184,0.0406486822709642
Lutjanidae,1956,0.923166520729492,0.0388109731119228,0.923166520729492,0.0388109731119228
Lutjanidae,1957,1.13752035575716,0.0419966005678039,1.13752035575716,0.0419966005678039
Lutjanidae,1958,1.22996351913949,0.0388401666188456,1.22996351913949,0.0388401666188456
Lutjanidae,1959,1.49349607317524,0.0479800270752443,1.49349607317524,0.0479800270752443
Lutjanidae,1960,1.61828808814616,0.0442801146177918,1.61828808814616,0.0442801146177918
Lutjanidae,1961,1.54198087896264,0.0464713817177337,1.54198087896264,0.0464713817177337
Lutjanidae,1962,1.70084258358557,0.0491526845806616,1.70084258358557,0.0491526845806616
Lutjanidae,1963,1.65039780631495,0.0506550473543137,1.65039780631495,0.0506550473543137
Lutjanidae,1964,1.75346854541013,0.0476774899961409,1.75346854541013,0.0476774899961409
Lutjanidae,1965,1.68078453974038,0.0781616941045344,1.68078453974038,0.0781616941045344
Lutjanidae,1966,1.41599676421068,0.0716918831349568,1.41599676421068,0.0716918831349568
Lutjanidae,1967,1.35508105547421,0.0749146880396345,1.35508105547421,0.0749146880396345
Lutjanidae,1968,1.38176318963062,0.0691464186873442,1.38176318963062,0.0691464186873442
Lutjanidae,1969,1.51302563884398,0.0710410784074377,1.51302563884398,0.0710410784074377
Lutjanidae,1970,1.89082050713405,0.0925338526092456,1.89082050713405,0.0925338526092456
Lutjanidae,1971,1.99232203051595,0.0821248053563509,1.99232203051595,0.0821248053563509
Lutjanidae,1972,2.06063378650096,0.0825899819903559,2.06063378650096,0.0825899819903559
Lutjanidae,1973,2.52623584609323,0.1101527518256,2.52623584609323,0.1101527518256
Lutjanidae,1974,2.89593025867582,0.134444433247034,2.89593025867582,0.134444433247034
Lutjanidae,1975,2.79035242715802,0.117745645460177,2.79035242715802,0.117745645460177
Lutjanidae,1976,2.46626525791988,0.149852511250016,2.46626525791988,0.149852511250016
Lutjanidae,1977,2.29520237616133,0.169736911366511,2.29520237616133,0.169736911366511
Lutjanidae,1978,1.8176204286229,0.192159453040881,1.8176204286229,0.192159453040881
Lutjanidae,1979,2.04895871935449,0.15819398196929,2.04895871935449,0.15819398196929
Lutjanidae,1980,2.08923803753232,0.151114004314237,2.08923803753232,0.151114004314237
Lutjanidae,1981,2.22840367974974,0.184391551529879,2.22840367974974,0.184391551529879
Lutjanidae,1982,1.82404037081904,0.18703078884366,1.82404037081904,0.18703078884366
Lutjanidae,1983,1.58901836256679,0.196166532221227,1.58901836256679,0.196166532221227
Lutjanidae,1984,1.5511473100225,0.214006496738594,1.5511473100225,0.214006496738594
Lutjanidae,1985,1.70565554805287,0.214646253514999,1.70565554805287,0.214646253514999
Lutjanidae,1986,1.99779810808024,0.211833266408173,1.99779810808024,0.211833266408173
Lutjanidae,1987,2.0509421923674,0.245505093019499,2.0509421923674,0.245505093019499
Lutjanidae,1988,1.90590458534174,0.292824863489069,1.90590458534174,0.292824863489069
Lutjanidae,1989,1.77111623200194,0.288002217387365,1.77111623200194,0.288002217387365
Lutjanidae,1990,1.56431550955398,0.295880751732757,1.56431550955398,0.295880751732757
Lutjanidae,1991,1.73835462948076,0.309403421477762,1.73835462948076,0.309403421477762
Lutjanidae,1992,1.62015193472069,0.33017078483392,1.62015193472069,0.33017078483392
Lutjanidae,1993,1.81232242608534,0.370944646335461,1.81232242608534,0.370944646335461
Lutjanidae,1994,2.03496931145346,0.439872788478034,2.03496931145346,0.439872788478034
Lutjanidae,1995,2.14817127352411,0.387338110125104,2.14817127352411,0.387338110125104
Lutjanidae,1996,1.90115347330006,0.385085016367665,1.90115347330006,0.385085016367665
Lutjanidae,1997,1.98639841902834,0.428863599658042,1.98639841902834,0.428863599658042
Lutjanidae,1998,2.01317794107857,0.52857773344244,2.01317794107857,0.52857773344244
Lutjanidae,1999,1.71585664911048,0.475184454323783,1.71585664911048,0.475184454323783
Lutjanidae,2000,1.57518098048098,0.529980682199463,1.57518098048098,0.529980682199463
Lutjanidae,2001,1.42435473510259,0.549165576201241,1.42435473510259,0.549165576201241
Lutjanidae,2002,1.2437055907284,0.518356581425199,1.2437055907284,0.518356581425199
Lutjanidae,2003,1.10080201627388,0.444010044665891,1.10080201627388,0.444010044665891
Lutjanidae,2004,1.03146599388127,0.447341639967438,1.03146599388127,0.447341639967438
Lutjanidae,2005,1.04905686341289,0.510765983522649,1.04905686341289,0.510765983522649
Lutjanidae,2006,0.988468864487632,0.614990081503733,0.988468864487632,0.614990081503733
Lutjanidae,2007,0.828356555701178,0.487967084752782,0.828356555701178,0.487967084752782
Lutjanidae,2008,0.805008866707177,0.573925155648973,0.805008866707177,0.573925155648973
Lutjanidae,2009,0.764674900735725,0.57819309707385,0.764674900735725,0.57819309707385
Lutjanidae,2010,0.730796975701285,0.62526129771989,0.730796975701285,0.62526129771989
Lutjanidae,2011,0.718400084280694,0.594157381499329,0.718400084280694,0.594157381499329
Lutjanidae,2012,0.695079229759357,0.537081593151097,0.695079229759357,0.537081593151097
Lutjanidae,2013,0.720288775809318,0.509515624274576,0.720288775809318,0.509515624274576
Lutjanidae,2014,0.864190643679659,0.608619063226172,0.864190643679659,0.608619063226172
Lutjanidae,2015,1.08759360850906,0.669256882399279,1.08759360850906,0.669256882399279
Lutjanidae,2016,1.29830014778833,0.670635357343681,1.29830014778833,0.670635357343681
Lutjanidae,2017,1.46781304318642,0.675473244290721,1.46781304318642,0.675473244290721
Lutjanidae,2018,1.61072719606617,0.697507666471545,1.61072719606617,0.697507666471545
Lutjanidae,2019,1.61591830122551,0.71156562855793,1.61591830122551,0.71156562855793
Lutjanidae,2020,1.48448245612256,0.77971254085919,1.48448245612256,0.77971254085919
Mullidae,1950,1.4053564853897,0.0143729704548786,1.4053564853897,0.0143729704548786
Mullidae,1951,1.20479039696627,0.0167656940941269,1.20479039696627,0.0167656940941269
Mullidae,1952,1.37224142950714,0.0294396405890952,1.37224142950714,0.0294396405890952
Mullidae,1953,1.51465986144382,0.0266715290439187,1.51465986144382,0.0266715290439187
Mullidae,1954,1.84307005422765,0.0328785341556801,1.84307005422765,0.0328785341556801
Mullidae,1955,1.91636954207285,0.0316209584836593,1.91636954207285,0.0316209584836593
Mullidae,1956,1.91529026152798,0.0316387771328673,1.91529026152798,0.0316387771328673
Mullidae,1957,2.02375397714282,0.0299430871606181,2.02375397714282,0.0299430871606181
Mullidae,1958,2.00377404861045,0.0302416541282472,2.00377404861045,0.0302416541282472
Mullidae,1959,2.23804432594009,0.0361014248180159,2.23804432594009,0.0361014248180159
Mullidae,1960,2.34651744740904,0.0344325541075889,2.34651744740904,0.0344325541075889
Mullidae,1961,2.17096813497296,0.0372168470235606,2.17096813497296,0.0372168470235606
Mullidae,1962,2.47498942157101,0.0408065324785445,2.47498942157101,0.0408065324785445
Mullidae,1963,2.38826386612064,0.0422883491426947,2.38826386612064,0.0422883491426947
Mullidae,1964,2.69271965203989,0.0450083555362541,2.69271965203989,0.0450083555362541
Mullidae,1965,1.99168849193526,0.0608503206948335,1.99168849193526,0.0608503206948335
Mullidae,1966,1.1964197298651,0.0506489823066254,1.1964197298651,0.0506489823066254
Mullidae,1967,0.875106726566495,0.0461638486595348,0.875106726566495,0.0461638486595348
Mullidae,1968,0.818161192839991,0.0493769379917991,0.818161192839991,0.0493769379917991
Mullidae,1969,0.792100435585348,0.0510014799528585,0.792100435585348,0.0510014799528585
Mullidae,1970,0.843746361406947,0.0598495832604132,0.843746361406947,0.0598495832604132
Mullidae,1971,0.841040966542248,0.0600421027233744,0.841040966542248,0.0600421027233744
Mullidae,1972,0.765866946573621,0.065935562741826,0.765866946573621,0.065935562741826
Mullidae,1973,0.648051907002264,0.0467535401674416,0.648051907002264,0.0467535401674416
Mullidae,1974,0.859780851725112,0.0779979790343839,0.859780851725112,0.0779979790343839
Mullidae,1975,1.08122845248353,0.0919137895489844,1.08122845248353,0.0919137895489844
Mullidae,1976,0.941719641931216,0.0782896354227481,0.941719641931216,0.0782896354227481
Mullidae,1977,1.08153907266834,0.0926344436900354,1.08153907266834,0.0926344436900354
Mullidae,1978,1.45348496769126,0.173018220873504,1.45348496769126,0.173018220873504
Mullidae,1979,1.69106810929915,0.118609966695484,1.69106810929915,0.118609966695484
Mullidae,1980,1.68061813157528,0.123433895118085,1.68061813157528,0.123433895118085
Mullidae,1981,1.30209629898995,0.129842057423642,1.30209629898995,0.129842057423642
Mullidae,1982,0.794160512509124,0.0615517084497297,0.794160512509124,0.0615517084497297
Mullidae,1983,1.2851875816197,0.250212831736621,1.2851875816197,0.250212831736621
Mullidae,1984,0.967619681695631,0.148004382984919,0.967619681695631,0.148004382984919
Mullidae,1985,0.868397371284679,0.114905676456839,0.868397371284679,0.114905676456839
Mullidae,1986,1.11977223421063,0.149720556552052,1.11977223421063,0.149720556552052
Mullidae,1987,1.22785030896479,0.220112002366355,1.22785030896479,0.220112002366355
Mullidae,1988,0.836929236307064,0.163875515193714,0.836929236307064,0.163875515193714
Mullidae,1989,0.765424658705559,0.129572273163028,0.765424658705559,0.129572273163028
Mullidae,1990,1.11696165124047,0.285365700014668,1.11696165124047,0.285365700014668
Mullidae,1991,1.23605311962644,0.23384900896153,1.23605311962644,0.23384900896153
Mullidae,1992,1.06953514689067,0.239095652761668,1.06953514689067,0.239095652761668
Mullidae,1993,1.01994554800467,0.250324364523173,1.01994554800467,0.250324364523173
Mullidae,1994,0.991266566216179,0.290373808644216,0.991266566216179,0.290373808644216
Mullidae,1995,0.950074459566707,0.267458271043106,0.950074459566707,0.267458271043106
Mullidae,1996,0.77337127789424,0.267712630607761,0.77337127789424,0.267712630607761
Mullidae,1997,0.690083869393184,0.291242157631303,0.690083869393184,0.291242157631303
Mullidae,1998,0.604581154622071,0.218502382946935,0.604581154622071,0.218502382946935
Mullidae,1999,0.846218118300835,0.355422905684598,0.846218118300835,0.355422905684598
Mullidae,2000,1.03336062810299,0.285386864690525,1.03336062810299,0.285386864690525
Mullidae,2001,1.72156315720066,0.551921596567751,1.72156315720066,0.551921596567751
Mullidae,2002,1.49524833409296,0.356634730872813,1.49524833409296,0.356634730872813
Mullidae,2003,1.51563971807,0.353835646367614,1.51563971807,0.353835646367614
Mullidae,2004,1.37688490356962,0.392427273588032,1.37688490356962,0.392427273588032
Mullidae,2005,1.03471718197534,0.288526566924074,1.03471718197534,0.288526566924074
Mullidae,2006,1.02683525075187,0.383786359519602,1.02683525075187,0.383786359519602
Mullidae,2007,1.04403876064528,0.392166201151518,1.04403876064528,0.392166201151518
Mullidae,2008,1.01519641403847,0.389977033497808,1.01519641403847,0.389977033497808
Mullidae,2009,1.06243182127339,0.40324838210531,1.06243182127339,0.40324838210531
Mullidae,2010,1.13575479815629,0.405670792113364,1.13575479815629,0.405670792113364
Mullidae,2011,1.39042593532787,0.376547850006216,1.39042593532787,0.376547850006216
Mullidae,2012,1.94763665725653,0.508806486083146,1.94763665725653,0.508806486083146
Mullidae,2013,1.91959123188038,0.452683519264677,1.91959123188038,0.452683519264677
Mullidae,2014,1.90572746173069,0.508230651945381,1.90572746173069,0.508230651945381
Mullidae,2015,1.81339318653854,0.479082710453503,1.81339318653854,0.479082710453503
Mullidae,2016,1.85343399797706,0.489221477933096,1.85343399797706,0.489221477933096
Mullidae,2017,1.9507676119996,0.534807912889015,1.9507676119996,0.534807912889015
Mullidae,2018,1.8392968208463,0.527904467060411,1.8392968208463,0.527904467060411
Mullidae,2019,1.61837659978472,0.543927066772004,1.61837659978472,0.543927066772004
Mullidae,2020,1.21170377928805,0.854429431763586,1.21170377928805,0.854429431763586
Polynemidae,1952,1.42070969860345,0.0170644053204503,1.42070969860345,0.0170644053204503
Polynemidae,1953,0.979757864048172,0.0176746047083032,0.979757864048172,0.0176746047083032
Polynemidae,1954,1.46154621827282,0.0284359116235687,1.46154621827282,0.0284359116235687
Polynemidae,1955,2.91022707902749,0.0725941159700891,2.91022707902749,0.0725941159700891
Polynemidae,1956,2.87728944667307,0.056573463605861,2.87728944667307,0.056573463605861
Polynemidae,1957,3.479118272069,0.0766513831039474,3.479118272069,0.0766513831039474
Polynemidae,1958,2.3824001808751,0.0436118997032869,2.3824001808751,0.0436118997032869
Polynemidae,1959,2.78327572927539,0.0497739631751432,2.78327572927539,0.0497739631751432
Polynemidae,1960,2.63903820115441,0.0446202196146419,2.63903820115441,0.0446202196146419
Polynemidae,1961,2.18507251366223,0.0491353781906545,2.18507251366223,0.0491353781906545
Polynemidae,1962,1.59483718570964,0.0325741707907273,1.59483718570964,0.0325741707907273
Polynemidae,1963,1.54265908288746,0.0516364454631512,1.54265908288746,0.0516364454631512
Polynemidae,1964,1.06093031878524,0.0359090807667815,1.06093031878524,0.0359090807667815
Polynemidae,1965,0.726014124655423,0.0286223075317523,0.726014124655423,0.0286223075317523
Polynemidae,1966,1.11539272424601,0.108677265023637,1.11539272424601,0.108677265023637
Polynemidae,1967,0.849497539801117,0.0570774251926377,0.849497539801117,0.0570774251926377
Polynemidae,1968,0.737493444592662,0.0375690562867958,0.737493444592662,0.0375690562867958
Polynemidae,1969,1.03016861431664,0.0537910636103467,1.03016861431664,0.0537910636103467
Polynemidae,1970,1.71982051659231,0.0886069962246356,1.71982051659231,0.0886069962246356
Polynemidae,1971,1.83877583859491,0.0753407026280503,1.83877583859491,0.0753407026280503
Polynemidae,1972,1.66425593662655,0.0853222314678555,1.66425593662655,0.0853222314678555
Polynemidae,1973,1.00708279626286,0.0412681055130637,1.00708279626286,0.0412681055130637
Polynemidae,1974,1.57782579382866,0.139779172961768,1.57782579382866,0.139779172961768
Polynemidae,1975,1.20264074178256,0.0789353586417127,1.20264074178256,0.0789353586417127
Polynemidae,1976,0.930205527435281,0.114191380533409,0.930205527435281,0.114191380533409
Polynemidae,1977,0.679249673434793,0.109318535765668,0.679249673434793,0.109318535765668
Polynemidae,1978,0.514907289714567,0.123492931422657,0.514907289714567,0.123492931422657
Polynemidae,1979,0.627853089056221,0.123728486804833,0.627853089056221,0.123728486804833
Polynemidae,1980,0.707989291216445,0.122785051302529,0.707989291216445,0.122785051302529
Polynemidae,1981,0.701892051141171,0.113686949632315,0.701892051141171,0.113686949632315
Polynemidae,1982,0.780268661182508,0.160014584502281,0.780268661182508,0.160014584502281
Polynemidae,1983,0.808966546786245,0.169365201687652,0.808966546786245,0.169365201687652
Polynemidae,1984,0.770630503076542,0.160083357059541,0.770630503076542,0.160083357059541
Polynemidae,1985,0.885412039591598,0.156150569616926,0.885412039591598,0.156150569616926
Polynemidae,1986,1.12432851516396,0.164492649154906,1.12432851516396,0.164492649154906
Polynemidae,1987,1.27001623394747,0.133351544485466,1.27001623394747,0.133351544485466
Polynemidae,1988,2.05710904404361,0.325357372630415,2.05710904404361,0.325357372630415
Polynemidae,1989,1.95280903962039,0.324485158918645,1.95280903962039,0.324485158918645
Polynemidae,1990,0.972693969234386,0.125582088037556,0.972693969234386,0.125582088037556
Polynemidae,1991,1.55858234362544,0.285987636221933,1.55858234362544,0.285987636221933
Polynemidae,1992,1.59282042745496,0.445591796374479,1.59282042745496,0.445591796374479
Polynemidae,1993,0.899966656861781,0.276540826661794,0.899966656861781,0.276540826661794
Polynemidae,1994,0.587420508082135,0.319380351339136,0.587420508082135,0.319380351339136
Polynemidae,1995,0.416873227034667,0.318776470862739,0.416873227034667,0.318776470862739
Polynemidae,1996,0.248554584769366,0.254017333936741,0.248554584769366,0.254017333936741
Polynemidae,1997,0.207754964476928,0.255891248190104,0.207754964476928,0.255891248190104
Polynemidae,1998,0.203701874613243,0.340042682273423,0.203701874613243,0.340042682273423
Polynemidae,1999,0.225659055151587,0.434188828825589,0.225659055151587,0.434188828825589
Polynemidae,2000,0.205109587964797,0.37958479536119,0.205109587964797,0.37958479536119
Polynemidae,2001,0.202409395413645,0.397481578132054,0.202409395413645,0.397481578132054
Polynemidae,2002,0.19392031121153,0.426133427458254,0.19392031121153,0.426133427458254
Polynemidae,2003,0.168669378685767,0.315188670237142,0.168669378685767,0.315188670237142
Polynemidae,2004,0.177642082462046,0.356977588920841,0.177642082462046,0.356977588920841
Polynemidae,2005,0.185494920914412,0.365763931382523,0.185494920914412,0.365763931382523
Polynemidae,2006,0.215774228081656,0.448301123620069,0.215774228081656,0.448301123620069
Polynemidae,2007,0.229923605693718,0.444512636287493,0.229923605693718,0.444512636287493
Polynemidae,2008,0.239077851420727,0.380556541791307,0.239077851420727,0.380556541791307
Polynemidae,2009,0.289281326282799,0.34743652406934,0.289281326282799,0.34743652406934
Polynemidae,2010,0.462454234103965,0.499822618678361,0.462454234103965,0.499822618678361
Polynemidae,2011,0.67468007449331,0.275404039117522,0.67468007449331,0.275404039117522
Polynemidae,2012,1.88918187022219,0.898793687108828,1.88918187022219,0.898793687108828
Polynemidae,2013,1.52760979071626,0.763971694466761,1.52760979071626,0.763971694466761
Polynemidae,2014,0.744041690784501,0.38169374648048,0.744041690784501,0.38169374648048
Polynemidae,2015,0.656574827866576,0.50111550461087,0.656574827866576,0.50111550461087
Polynemidae,2016,0.59512149619111,0.488846051668322,0.59512149619111,0.488846051668322
Polynemidae,2017,0.58646190292004,0.548918732940639,0.58646190292004,0.548918732940639
Polynemidae,2018,0.544016887530687,0.439356686500157,0.544016887530687,0.439356686500157
Polynemidae,2019,0.577595002477952,0.469839484096319,0.577595002477952,0.469839484096319
Polynemidae,2020,0.694061783572135,0.399199803055645,0.694061783572135,0.399199803055645
Serranidae,1950,1.43804392522233,0.0766140617987416,1.43804392522233,0.0766140617987416
Serranidae,1951,1.39712220746494,0.0788580881240149,1.39712220746494,0.0788580881240149
Serranidae,1952,1.33700805827142,0.108154831929048,1.33700805827142,0.108154831929048
Serranidae,1953,1.22976329039227,0.0895899129670277,1.22976329039227,0.0895899129670277
Serranidae,1954,1.36551671761901,0.115982234458335,1.36551671761901,0.115982234458335
Serranidae,1955,1.44145818477153,0.109871851832294,1.44145818477153,0.109871851832294
Serranidae,1956,1.47398406607663,0.107447348817834,1.47398406607663,0.107447348817834
Serranidae,1957,1.83068351827684,0.116602826783919,1.83068351827684,0.116602826783919
Serranidae,1958,1.88478070035491,0.113256079679516,1.88478070035491,0.113256079679516
Serranidae,1959,2.03097135948183,0.125446509522134,2.03097135948183,0.125446509522134
Serranidae,1960,2.18530467310505,0.116587069584402,2.18530467310505,0.116587069584402
Serranidae,1961,2.24805906043586,0.143962970114918,2.24805906043586,0.143962970114918
Serranidae,1962,2.45147803122908,0.140443827092256,2.45147803122908,0.140443827092256
Serranidae,1963,2.41810804840318,0.156620152958978,2.41810804840318,0.156620152958978
Serranidae,1964,2.44375076203922,0.140887917903338,2.44375076203922,0.140887917903338
Serranidae,1965,2.12122332786717,0.194771546521458,2.12122332786717,0.194771546521458
Serranidae,1966,2.03350858134837,0.213331603057576,2.03350858134837,0.213331603057576
Serranidae,1967,1.95028272769601,0.204781667880718,1.95028272769601,0.204781667880718
Serranidae,1968,2.05013083529059,0.208243171121859,2.05013083529059,0.208243171121859
Serranidae,1969,2.00622715475222,0.223097091822188,2.00622715475222,0.223097091822188
Serranidae,1970,1.90518846171116,0.22408583451748,1.90518846171116,0.22408583451748
Serranidae,1971,1.87851177180976,0.21993684271036,1.87851177180976,0.21993684271036
Serranidae,1972,1.81440659410991,0.235297726398009,1.81440659410991,0.235297726398009
Serranidae,1973,1.79829620804011,0.260380430693642,1.79829620804011,0.260380430693642
Serranidae,1974,1.77646232646561,0.295055309831075,1.77646232646561,0.295055309831075
Serranidae,1975,1.71296432130041,0.304786775711571,1.71296432130041,0.304786775711571
Serranidae,1976,1.3637541490262,0.370461508680789,1.3637541490262,0.370461508680789
Serranidae,1977,1.13910684073132,0.39872810055087,1.13910684073132,0.39872810055087
Serranidae,1978,0.959902358537906,0.468647447808757,0.959902358537906,0.468647447808757
Serranidae,1979,1.0714492767139,0.423906121176636,1.0714492767139,0.423906121176636
Serranidae,1980,1.09160537426551,0.437400050660324,1.09160537426551,0.437400050660324
Serranidae,1981,0.944946056703626,0.322671978494917,0.944946056703626,0.322671978494917
Serranidae,1982,1.09588481721804,0.508328276156689,1.09588481721804,0.508328276156689
Serranidae,1983,1.18306989901619,0.568416887337476,1.18306989901619,0.568416887337476
Serranidae,1984,1.19989992946486,0.559181641081551,1.19989992946486,0.559181641081551
Serranidae,1985,1.3436959822687,0.564781731624639,1.3436959822687,0.564781731624639
Serranidae,1986,1.50608028889148,0.566387589763169,1.50608028889148,0.566387589763169
Serranidae,1987,1.48542042584224,0.62405210363044,1.48542042584224,0.62405210363044
Serranidae,1988,1.34693747515677,0.699868857268246,1.34693747515677,0.699868857268246
Serranidae,1989,1.32197314791161,0.764027383372622,1.32197314791161,0.764027383372622
Serranidae,1990,1.1684418669939,0.804308319018876,1.1684418669939,0.804308319018876
Serranidae,1991,1.16499616803105,0.737236930599695,1.16499616803105,0.737236930599695
Serranidae,1992,1.13303484844059,0.885597846614702,1.13303484844059,0.885597846614702
Serranidae,1993,1.11049515569626,0.96179781542965,1.11049515569626,0.96179781542965
Serranidae,1994,1.0660864462925,1.01096954784677,1.0660864462925,1.01096954784677
Serranidae,1995,1.04988546616089,0.896641872904904,1.04988546616089,0.896641872904904
Serranidae,1996,0.989957819325695,0.963927839618598,0.989957819325695,0.963927839618598
Serranidae,1997,0.975226219715242,1.01894728017929,0.975226219715242,1.01894728017929
Serranidae,1998,0.97597825906694,1.04786528797626,0.97597825906694,1.04786528797626
Serranidae,1999,1.07004088455358,0.988764464358308,1.07004088455358,0.988764464358308
Serranidae,2000,1.4423238161687,1.33275730519936,1.4423238161687,1.33275730519936
Serranidae,2001,1.54498128019976,1.43576079251094,1.54498128019976,1.43576079251094
Serranidae,2002,1.39000309489605,1.35369540145336,1.39000309489605,1.35369540145336
Serranidae,2003,1.2661337390869,1.24041862733278,1.2661337390869,1.24041862733278
Serranidae,2004,1.10596679992972,1.39122997341483,1.10596679992972,1.39122997341483
Serranidae,2005,0.836459152655511,1.63582048534686,0.836459152655511,1.63582048534686
Serranidae,2006,0.485624915020579,1.00447295766589,0.485624915020579,1.00447295766589
Serranidae,2007,0.494830314158861,1.29777609603421,0.494830314158861,1.29777609603421
Serranidae,2008,0.487832753195919,1.4406061526012,0.487832753195919,1.4406061526012
Serranidae,2009,0.454901340814253,1.58258657415995,0.454901340814253,1.58258657415995
Serranidae,2010,0.38090305184202,1.47822384075702,0.38090305184202,1.47822384075702
Serranidae,2011,0.346667707567396,1.26230070024458,0.346667707567396,1.26230070024458
Serranidae,2012,0.372942738842857,1.43737297479802,0.372942738842857,1.43737297479802
Serranidae,2013,0.372135827013847,1.54074359222253,0.372135827013847,1.54074359222253
Serranidae,2014,0.338849332499567,1.61478320815203,0.338849332499567,1.61478320815203
Serranidae,2015,0.306271725020819,1.51206946269763,0.306271725020819,1.51206946269763
Serranidae,2016,0.301885613234342,1.49050211406355,0.301885613234342,1.49050211406355
Serranidae,2017,0.305573727902564,1.54060744863408,0.305573727902564,1.54060744863408
Serranidae,2018,0.311999113779412,1.5454288027197,0.311999113779412,1.5454288027197
Serranidae,2019,0.329469647832321,1.52557303332833,0.329469647832321,1.52557303332833
Serranidae,2020,0.346764863830049,1.47424007968419,0.346764863830049,1.47424007968419
Siganus spp,1957,1.20191976828397,0.0043143479782283,1.20191976828397,0.0043143479782283
Siganus spp,1958,0.590263372504002,0.00878506165864697,0.590263372504002,0.00878506165864697
Siganus spp,1959,0.461732078571059,0.0112305390137422,0.461732078571059,0.0112305390137422
Siganus spp,1960,0.434492178856566,0.011934622473378,0.434492178856566,0.011934622473378
Siganus spp,1961,0.414443940604503,0.0125119458007398,0.414443940604503,0.0125119458007398
Siganus spp,1962,0.488596316058066,0.0159195841798128,0.488596316058066,0.0159195841798128
Siganus spp,1963,0.489093136522358,0.015903413077393,0.489093136522358,0.015903413077393
Siganus spp,1964,0.487876139358042,0.0159430838197326,0.487876139358042,0.0159430838197326
Siganus spp,1965,0.400792591711408,0.019407170552278,0.400792591711408,0.019407170552278
Siganus spp,1966,0.364804148381949,0.0213217152763543,0.364804148381949,0.0213217152763543
Siganus spp,1967,0.366483363060731,0.0212240198803892,0.366483363060731,0.0212240198803892
Siganus spp,1968,0.419353164173413,0.0185482091181178,0.419353164173413,0.0185482091181178
Siganus spp,1969,0.573709024815017,0.0180771084225511,0.573709024815017,0.0180771084225511
Siganus spp,1970,1.04709163365754,0.0351612501569179,1.04709163365754,0.0351612501569179
Siganus spp,1971,1.21167088735798,0.0243938770877741,1.21167088735798,0.0243938770877741
Siganus spp,1972,1.31284288356258,0.0227114958510859,1.31284288356258,0.0227114958510859
Siganus spp,1973,1.79060366673077,0.0341722194474905,1.79060366673077,0.0341722194474905
Siganus spp,1974,1.9701614120975,0.0350847987406859,1.9701614120975,0.0350847987406859
Siganus spp,1975,1.99277186694816,0.029950797377999,1.99277186694816,0.029950797377999
Siganus spp,1976,2.14453067243894,0.050234191762819,2.14453067243894,0.050234191762819
Siganus spp,1977,1.87946600646891,0.0506833520364694,1.87946600646891,0.0506833520364694
Siganus spp,1978,1.35191134520413,0.0556365471305653,1.35191134520413,0.0556365471305653
Siganus spp,1979,1.34866139848205,0.0408330892844469,1.34866139848205,0.0408330892844469
Siganus spp,1980,1.49670956878945,0.0423547362273164,1.49670956878945,0.0423547362273164
Siganus spp,1981,1.77302600541007,0.0529948584674804,1.77302600541007,0.0529948584674804
Siganus spp,1982,1.75462869034346,0.0548360774553561,1.75462869034346,0.0548360774553561
Siganus spp,1983,1.91051493431179,0.0702432316830697,1.91051493431179,0.0702432316830697
Siganus spp,1984,1.82814898516297,0.0673237500889717,1.82814898516297,0.0673237500889717
Siganus spp,1985,2.00601377596062,0.0722113415431374,2.00601377596062,0.0722113415431374
Siganus spp,1986,2.03830805554515,0.0625320557700309,2.03830805554515,0.0625320557700309
Siganus spp,1987,1.92022871516521,0.0686861906442546,1.92022871516521,0.0686861906442546
Siganus spp,1988,1.86515316970922,0.0836145356373824,1.86515316970922,0.0836145356373824
Siganus spp,1989,2.05123238282323,0.0941930013266188,2.05123238282323,0.0941930013266188
Siganus spp,1990,2.04131307484311,0.102004812479096,2.04131307484311,0.102004812479096
Siganus spp,1991,2.26198068602442,0.102759517098315,2.26198068602442,0.102759517098315
Siganus spp,1992,1.95551366115171,0.118651793429635,1.95551366115171,0.118651793429635
Siganus spp,1993,1.67659114296807,0.104029117262549,1.67659114296807,0.104029117262549
Siganus spp,1994,1.66779886741708,0.112241684577066,1.66779886741708,0.112241684577066
Siganus spp,1995,2.06848370665084,0.119353930624812,2.06848370665084,0.119353930624812
Siganus spp,1996,2.10504621162475,0.135423568208882,2.10504621162475,0.135423568208882
Siganus spp,1997,2.05699098091288,0.140969585928708,2.05699098091288,0.140969585928708
Siganus spp,1998,1.77730289242767,0.137055349024824,1.77730289242767,0.137055349024824
Siganus spp,1999,1.72188467899849,0.136105908186106,1.72188467899849,0.136105908186106
Siganus spp,2000,1.91695431167512,0.17002732313512,1.91695431167512,0.17002732313512
Siganus spp,2001,2.05139736579213,0.176427047762819,2.05139736579213,0.176427047762819
Siganus spp,2002,2.05208490929243,0.167447830276152,2.05208490929243,0.167447830276152
Siganus spp,2003,2.14505383206747,0.156250064867174,2.14505383206747,0.156250064867174
Siganus spp,2004,2.12666246325649,0.155638460980237,2.12666246325649,0.155638460980237
Siganus spp,2005,2.14681182100802,0.175807969150996,2.14681182100802,0.175807969150996
Siganus spp,2006,1.80180281593444,0.169525700593933,1.80180281593444,0.169525700593933
Siganus spp,2007,1.72881539315161,0.163095244446793,1.72881539315161,0.163095244446793
Siganus spp,2008,1.70219961171069,0.176612288900448,1.70219961171069,0.176612288900448
Siganus spp,2009,1.70904758387926,0.180197938996925,1.70904758387926,0.180197938996925
Siganus spp,2010,1.73432945739169,0.19992076142112,1.73432945739169,0.19992076142112
Siganus spp,2011,1.85373596312414,0.181406462203859,1.85373596312414,0.181406462203859
Siganus spp,2012,2.04795589535106,0.195465142008913,2.04795589535106,0.195465142008913
Siganus spp,2013,2.11597212463148,0.195117439867441,2.11597212463148,0.195117439867441
Siganus spp,2014,2.08438630390677,0.211289907174659,2.08438630390677,0.211289907174659
Siganus spp,2015,2.16068655552113,0.223435271669337,2.16068655552113,0.223435271669337
Siganus spp,2016,2.2441229807667,0.230980689802492,2.2441229807667,0.230980689802492
Siganus spp,2017,2.22097429656502,0.221228346348781,2.22097429656502,0.221228346348781
Siganus spp,2018,2.30351226583271,0.23001881492753,2.30351226583271,0.23001881492753
Siganus spp,2019,2.52178118793108,0.273220493849178,2.52178118793108,0.273220493849178
Siganus spp,2020,1.82241218620078,0.390810525066153,1.82241218620078,0.390810525066153
Tenualosa ilisha,1953,1.42212820134735,0.137627603123761,1.42212820134735,0.137627603123761
Tenualosa ilisha,1954,2.13982630306236,0.100614010093547,2.13982630306236,0.100614010093547
Tenualosa ilisha,1955,1.42898912187848,0.164360183872233,1.42898912187848,0.164360183872233
Tenualosa ilisha,1956,2.71861839596144,0.093592143998569,2.71861839596144,0.093592143998569
Tenualosa ilisha,1957,1.65862058710622,0.0719825252964253,1.65862058710622,0.0719825252964253
Tenualosa ilisha,1958,2.91962635017044,0.130722887387865,2.91962635017044,0.130722887387865
Tenualosa ilisha,1959,2.78636555131275,0.162262507452396,2.78636555131275,0.162262507452396
Tenualosa ilisha,1960,2.10011509912716,0.261883126837494,2.10011509912716,0.261883126837494
Tenualosa ilisha,1961,2.3727512015472,0.102285430723861,2.3727512015472,0.102285430723861
Tenualosa ilisha,1962,2.58189902105436,0.0689836920894195,2.58189902105436,0.0689836920894195
Tenualosa ilisha,1963,3.00878688129025,0.0565942255019144,3.00878688129025,0.0565942255019144
Tenualosa ilisha,1964,1.76256466055885,0.119928663084626,1.76256466055885,0.119928663084626
Tenualosa ilisha,1965,1.08356311251344,0.220368702089912,1.08356311251344,0.220368702089912
Tenualosa ilisha,1966,1.23446192680578,0.193431155349565,1.23446192680578,0.193431155349565
Tenualosa ilisha,1967,1.60522471369875,0.138999522732288,1.60522471369875,0.138999522732288
Tenualosa ilisha,1968,1.69080867809001,0.149327411614858,1.69080867809001,0.149327411614858
Tenualosa ilisha,1969,1.28873204082632,0.241478680037646,1.28873204082632,0.241478680037646
Tenualosa ilisha,1970,1.88219901557052,0.205894119725214,1.88219901557052,0.205894119725214
Tenualosa ilisha,1971,1.74255185611217,0.228010381928794,1.74255185611217,0.228010381928794
Tenualosa ilisha,1972,1.58119648076215,0.24137543387651,1.58119648076215,0.24137543387651
Tenualosa ilisha,1973,1.19102338728603,0.244855731369709,1.19102338728603,0.244855731369709
Tenualosa ilisha,1974,1.19978592305041,0.174307092809468,1.19978592305041,0.174307092809468
Tenualosa ilisha,1975,0.942944758230466,0.2339486235247,0.942944758230466,0.2339486235247
Tenualosa ilisha,1976,0.787742697456595,0.330056869519625,0.787742697456595,0.330056869519625
Tenualosa ilisha,1977,0.646689896664239,0.463577054332908,0.646689896664239,0.463577054332908
Tenualosa ilisha,1978,0.437984306648736,0.460638417337356,0.437984306648736,0.460638417337356
Tenualosa ilisha,1979,0.483003595381421,0.687582139627727,0.483003595381421,0.687582139627727
Tenualosa ilisha,1980,0.347610428642625,0.656241627769807,0.347610428642625,0.656241627769807
Tenualosa ilisha,1981,0.342550267567632,0.549089794294919,0.342550267567632,0.549089794294919
Tenualosa ilisha,1982,0.274187910708754,0.842107571716392,0.274187910708754,0.842107571716392
Tenualosa ilisha,1983,0.293423381318615,0.496541946228058,0.293423381318615,0.496541946228058
Tenualosa ilisha,1984,0.495215948852944,0.413331314838869,0.495215948852944,0.413331314838869
Tenualosa ilisha,1985,0.330628542118149,0.571197449311773,0.330628542118149,0.571197449311773
Tenualosa ilisha,1986,0.312801709574439,0.46502990060968,0.312801709574439,0.46502990060968
Tenualosa ilisha,1987,0.209377623111381,0.578728451678094,0.209377623111381,0.578728451678094
Tenualosa ilisha,1988,0.161059005972499,0.805942017804406,0.161059005972499,0.805942017804406
Tenualosa ilisha,1989,0.15000960049998,0.777235879647909,0.15000960049998,0.777235879647909
Tenualosa ilisha,1990,0.124673452383884,0.897351368354816,0.124673452383884,0.897351368354816
Tenualosa ilisha,1991,0.114275121145552,0.834962988360896,0.114275121145552,0.834962988360896
Tenualosa ilisha,1992,0.0945451694041303,1.0112755770101,0.0945451694041303,1.0112755770101
Tenualosa ilisha,1993,0.0729113319876258,1.33630057463628,0.0729113319876258,1.33630057463628
Tenualosa ilisha,1994,0.0997997571440726,0.913512080385045,0.0997997571440726,0.913512080385045
Tenualosa ilisha,1995,0.114166746706819,0.724492947577551,0.114166746706819,0.724492947577551
Tenualosa ilisha,1996,0.130204851087932,0.833825736675374,0.130204851087932,0.833825736675374
Tenualosa ilisha,1997,0.139884747201031,1.302077939804,0.139884747201031,1.302077939804
Tenualosa ilisha,1998,0.13132245042681,1.61321815487101,0.13132245042681,1.61321815487101
Tenualosa ilisha,1999,0.118520253143618,1.57840610102414,0.118520253143618,1.57840610102414
Tenualosa ilisha,2000,0.13582512543447,1.21533995844776,0.13582512543447,1.21533995844776
Tenualosa ilisha,2001,0.115415399231059,1.3775170729823,0.115415399231059,1.3775170729823
Tenualosa ilisha,2002,0.173133416101943,1.34889033111431,0.173133416101943,1.34889033111431
Tenualosa ilisha,2003,0.187675522324629,1.10160003666146,0.187675522324629,1.10160003666146
Tenualosa ilisha,2004,0.154179895494816,0.959452404899042,0.154179895494816,0.959452404899042
Tenualosa ilisha,2005,0.130081461242578,1.44233556674809,0.130081461242578,1.44233556674809
Tenualosa ilisha,2006,0.155642002367361,1.10574391693199,0.155642002367361,1.10574391693199
Tenualosa ilisha,2007,0.25068378439779,0.981572596279921,0.25068378439779,0.981572596279921
Tenualosa ilisha,2008,0.195671199190528,0.90784535475643,0.195671199190528,0.90784535475643
Tenualosa ilisha,2009,0.206489914669975,0.840280316368363,0.206489914669975,0.840280316368363
Tenualosa ilisha,2010,0.27727733025889,1.46702720948988,0.27727733025889,1.46702720948988
Tenualosa ilisha,2011,0.192760208753306,1.376951435551,0.192760208753306,1.376951435551
Tenualosa ilisha,2012,0.130141903671424,1.55265560657954,0.130141903671424,1.55265560657954
Tenualosa ilisha,2013,0.109541021282058,1.23304673310663,0.109541021282058,1.23304673310663
Tenualosa ilisha,2014,0.113094135153152,1.19690366253941,0.113094135153152,1.19690366253941
Tenualosa ilisha,2015,0.112661541364971,1.30573599948493,0.112661541364971,1.30573599948493
Tenualosa ilisha,2016,0.200109147659277,2.34300668760263,0.200109147659277,2.34300668760263
Tenualosa ilisha,2017,0.153440452061948,2.32536480205221,0.153440452061948,2.32536480205221
Tenualosa ilisha,2018,0.12474214926203,1.35262522925799,0.12474214926203,1.35262522925799
Tenualosa ilisha,2019,0.171719586393891,0.868048713233111,0.171719586393891,0.868048713233111
Tenualosa ilisha,2020,0.308353326850179,0.618509397993656,0.308353326850179,0.618509397993656
Upeneus spp,1953,1.43342151065159,0.0161885485053411,1.43342151065159,0.0161885485053411
Upeneus spp,1954,1.33385217737813,0.0212629883847937,1.33385217737813,0.0212629883847937
Upeneus spp,1955,1.41086360179438,0.0146198957696042,1.41086360179438,0.0146198957696042
Upeneus spp,1956,3.18089427960966,0.0648455339606362,3.18089427960966,0.0648455339606362
Upeneus spp,1957,2.15561931577097,0.0275102849217403,2.15561931577097,0.0275102849217403
Upeneus spp,1958,1.71687756608,0.0255298882827281,1.71687756608,0.0255298882827281
Upeneus spp,1959,1.40353782389341,0.0202072811090675,1.40353782389341,0.0202072811090675
Upeneus spp,1960,1.74661468491086,0.0295237967789314,1.74661468491086,0.0295237967789314
Upeneus spp,1961,1.52667795692008,0.0287105032587034,1.52667795692008,0.0287105032587034
Upeneus spp,1962,1.3863325384557,0.0223178907994966,1.3863325384557,0.0223178907994966
Upeneus spp,1963,1.67903418423357,0.0276409067447009,1.67903418423357,0.0276409067447009
Upeneus spp,1964,2.60238186367202,0.0435934230107245,2.60238186367202,0.0435934230107245
Upeneus spp,1965,1.41219520001922,0.0310379843073734,1.41219520001922,0.0310379843073734
Upeneus spp,1966,1.62822525293181,0.0712586099865454,1.62822525293181,0.0712586099865454
Upeneus spp,1967,0.732031921501319,0.0246551324099729,0.732031921501319,0.0246551324099729
Upeneus spp,1968,0.842156988491796,0.0367390149673319,0.842156988491796,0.0367390149673319
Upeneus spp,1969,1.10052575025371,0.0655989882972974,1.10052575025371,0.0655989882972974
Upeneus spp,1970,0.84218605760917,0.0275533101553091,0.84218605760917,0.0275533101553091
Upeneus spp,1971,1.27559426239218,0.0485107516037585,1.27559426239218,0.0485107516037585
Upeneus spp,1972,1.78447364127202,0.0650192110353654,1.78447364127202,0.0650192110353654
Upeneus spp,1973,1.83558792818988,0.0674225793924326,1.83558792818988,0.0674225793924326
Upeneus spp,1974,1.35558306674867,0.04966152543196,1.35558306674867,0.04966152543196
Upeneus spp,1975,1.48540073369505,0.0600754847825232,1.48540073369505,0.0600754847825232
Upeneus spp,1976,1.52180472566108,0.0837473359802521,1.52180472566108,0.0837473359802521
Upeneus spp,1977,1.53566401244652,0.0963225478813926,1.53566401244652,0.0963225478813926
Upeneus spp,1978,1.28547618850265,0.121688427039017,1.28547618850265,0.121688427039017
Upeneus spp,1979,1.25514933629395,0.0732529732577209,1.25514933629395,0.0732529732577209
Upeneus spp,1980,1.51520237389307,0.0981678355865901,1.51520237389307,0.0981678355865901
Upeneus spp,1981,1.48036904806948,0.0828867340150859,1.48036904806948,0.0828867340150859
Upeneus spp,1982,1.59240834036301,0.118278305915092,1.59240834036301,0.118278305915092
Upeneus spp,1983,1.55060866333788,0.0877619973515711,1.55060866333788,0.0877619973515711
Upeneus spp,1984,2.63238798660686,0.225835503537491,2.63238798660686,0.225835503537491
Upeneus spp,1985,2.56714612875061,0.187091887975243,2.56714612875061,0.187091887975243
Upeneus spp,1986,2.24598017233799,0.136724128052028,2.24598017233799,0.136724128052028
Upeneus spp,1987,1.9635304247923,0.121134557910621,1.9635304247923,0.121134557910621
Upeneus spp,1988,2.48547391358843,0.23202663799472,2.48547391358843,0.23202663799472
Upeneus spp,1989,2.41879916158324,0.211539080711019,2.41879916158324,0.211539080711019
Upeneus spp,1990,2.07887088625082,0.198763639368463,2.07887088625082,0.198763639368463
Upeneus spp,1991,2.70603246490365,0.252208812628028,2.70603246490365,0.252208812628028
Upeneus spp,1992,2.32167171468,0.302303088414737,2.32167171468,0.302303088414737
Upeneus spp,1993,1.4156650805068,0.182547768971676,1.4156650805068,0.182547768971676
Upeneus spp,1994,1.39144598274341,0.23514437252766,1.39144598274341,0.23514437252766
Upeneus spp,1995,1.37384144249492,0.221079257026877,1.37384144249492,0.221079257026877
Upeneus spp,1996,1.10067240145694,0.253318907928805,1.10067240145694,0.253318907928805
Upeneus spp,1997,0.841241198449181,0.203142730290544,0.841241198449181,0.203142730290544
Upeneus spp,1998,0.785078886197973,0.246247288626944,0.785078886197973,0.246247288626944
Upeneus spp,1999,0.794401268654391,0.250433030394593,0.794401268654391,0.250433030394593
Upeneus spp,2000,0.89974868680488,0.258392656607249,0.89974868680488,0.258392656607249
Upeneus spp,2001,1.19427533524372,0.33059413017542,1.19427533524372,0.33059413017542
Upeneus spp,2002,1.33315858285493,0.308802516715599,1.33315858285493,0.308802516715599
Upeneus spp,2003,1.42691043776072,0.351141738277895,1.42691043776072,0.351141738277895
Upeneus spp,2004,0.991415774278968,0.22240840031853,0.991415774278968,0.22240840031853
Upeneus spp,2005,0.995361667114828,0.272556601207674,0.995361667114828,0.272556601207674
Upeneus spp,2006,0.990024685909248,0.304079667325252,0.990024685909248,0.304079667325252
Upeneus spp,2007,1.04683658656028,0.343708495667321,1.04683658656028,0.343708495667321
Upeneus spp,2008,0.970702307352529,0.320810284342577,0.970702307352529,0.320810284342577
Upeneus spp,2009,0.937629339946539,0.34351057053405,0.937629339946539,0.34351057053405
Upeneus spp,2010,0.867983269543582,0.340299232518001,0.867983269543582,0.340299232518001
Upeneus spp,2011,0.905730053359817,0.288996211446989,0.905730053359817,0.288996211446989
Upeneus spp,2012,1.14076101927224,0.363891873207756,1.14076101927224,0.363891873207756
Upeneus spp,2013,1.17170037647538,0.441267663589967,1.17170037647538,0.441267663589967
Upeneus spp,2014,0.843895110687325,0.298806267719368,0.843895110687325,0.298806267719368
Upeneus spp,2015,0.880786074841399,0.399849384940736,0.880786074841399,0.399849384940736
Upeneus spp,2016,0.814600890426689,0.42764355616873,0.814600890426689,0.42764355616873
Upeneus spp,2017,0.674297435188733,0.348733408246346,0.674297435188733,0.348733408246346
Upeneus spp,2018,0.648280366402955,0.332586155832954,0.648280366402955,0.332586155832954
Upeneus spp,2019,0.725326504301527,0.357644383916224,0.725326504301527,0.357644383916224
Upeneus spp,2020,0.880360736758303,0.323038411559049,0.880360736758303,0.323038411559049
