variable,year,mean,sd,lower,upper
b_t,1950,867108.858933095,690463.441360944,304190.251436753,2029464.94458297
b_t,1951,475348.095756523,669702.772736863,49653.2504626672,1530715.15164554
b_t,1952,317066.196772079,447238.272734448,34333.1634398184,1064644.98072529
b_t,1953,275197.544860605,394231.975821557,30065.2663116551,881384.517821595
b_t,1954,277344.54265649,415769.014545719,27592.9869168628,965580.630420945
b_t,1955,321504.922913914,508139.268423474,30292.6737720266,1108939.93218023
b_t,1956,421771.176859075,520650.401515932,39468.9070260754,1318923.82714809
b_t,1957,395925.060788639,558477.326252002,41462.6747685026,1205543.06440876
b_t,1958,432254.33242545,627659.517040724,31938.2448709059,1364008.4914054
b_t,1959,499973.541701782,761098.033094287,32874.6112773359,1629929.56079993
b_t,1960,580234.366991391,769844.886254748,71510.7327010706,1915212.61471705
b_t,1961,738139.89414129,869028.170212576,101983.641740485,2146635.97157968
b_t,1962,704730.012331644,851722.622461081,88629.0368800268,2050062.68468772
b_t,1963,751737.233531926,925663.837996624,96770.1517464007,2159859.54340974
b_t,1964,780985.887693691,959830.940834093,113648.879383751,2409606.3308087
b_t,1965,912126.556617316,1008854.13122596,132583.617579172,2700598.73395303
b_t,1966,1107361.01876862,1212841.09779154,164083.710315188,3219302.02272044
b_t,1967,1125764.48175355,1258634.54363368,190821.099433763,3277954.49230213
b_t,1968,1099933.21629201,1157410.28161225,175622.850564092,3241451.83299956
b_t,1969,1015651.80758327,1004746.86989121,173202.249962137,2948534.09048192
b_t,1970,975383.288374516,1086991.61003684,155655.771457016,2705208.20026172
b_t,1971,1008332.71183014,1003735.82136356,163741.637949942,3218562.97508068
b_t,1972,932677.96408409,1120429.67982734,149155.035843458,2467898.72521931
b_t,1973,1010069.44357514,1095827.2373051,150982.545654234,2689293.44869742
b_t,1974,963989.065575998,1154444.91342991,147637.10398838,2671365.81257004
b_t,1975,966310.879356025,1111891.6196806,130925.552061268,2936033.66218085
b_t,1976,896156.217258488,983106.25485663,130744.754529404,2776780.47502539
b_t,1977,915164.488894761,1043052.15360853,152953.198577109,2635446.83820391
b_t,1978,987224.422368623,1236278.81449008,139238.489842912,3115218.53402562
b_t,1979,905697.281517878,962625.1100368,127286.480119984,2784844.04980698
b_t,1980,885159.025161437,1058679.49822011,117252.335617868,2848069.61946797
b_t,1981,765261.457909114,1021965.78918901,102494.145863734,2310393.35012288
b_t,1982,734984.121301546,913096.424221708,94846.9871609297,2223510.74000077
b_t,1983,558258.486121954,704802.750079877,63149.41729212,1737080.24462044
b_t,1984,356544.105218925,785254.919756174,24152.6865322842,1157007.57758733
b_t,1985,187590.529228951,838144.499418711,11962.9507664051,383392.677822299
b_t,1986,2677.06148200818,5420.15183571127,184.77692831611,8981.20220640492
b_t,1987,402.793148605571,903.66156138041,33.0259852346158,1239.41865225839
b_t,1988,298.655591214709,474.702561660992,24.0981891012358,908.647944659496
b_t,1989,210.893920615021,374.606840970419,22.9000647112609,641.858946624232
b_t,1990,124.598127012874,194.899135073358,12.153181812268,369.477609300921
b_t,1991,156.623825662179,240.756511509974,17.7006401789238,500.998801567833
b_t,1992,195.241076470655,286.349748718305,20.1999331053548,597.546068413252
b_t,1993,180.709458408003,277.031362093316,19.838397180021,545.575912640858
b_t,1994,197.705395007115,358.666010502626,19.3858243636061,613.791959360379
b_t,1995,206.027848399295,310.861130237536,23.8344760197588,630.476554541998
b_t,1996,295.499112060285,493.875756660309,27.0445013901746,1015.28840817266
b_t,1997,466.613146002869,958.591469018851,48.4132143841302,1519.86965172163
b_t,1998,2559.25443158765,4023.85741170013,248.720510934343,7775.06485480868
b_t,1999,211656.022522269,192443.614674775,58738.189722575,520282.32237572
bmsy,1950,586729.170033401,451222.0189599,211276.521411997,1394661.90066658
ck,1950,0.00122359762481023,0.000678922544089605,0.000358509853845188,0.00236656783287008
ck,1951,0.00122359762481023,0.000678922544089605,0.000358509853845188,0.00236656783287008
ck,1952,0.00122359762481023,0.000678922544089605,0.000358509853845188,0.00236656783287008
ck,1953,0.00122359762481023,0.000678922544089605,0.000358509853845188,0.00236656783287008
ck,1954,0.00122359762481023,0.000678922544089605,0.000358509853845188,0.00236656783287008
ck,1955,0.00122359762481023,0.000678922544089605,0.000358509853845188,0.00236656783287008
ck,1956,0.00244719524962046,0.00135784508817921,0.000717019707690375,0.00473313566574015
ck,1957,0.00244719524962046,0.00135784508817921,0.000717019707690375,0.00473313566574015
ck,1958,0.00244719524962046,0.00135784508817921,0.000717019707690375,0.00473313566574015
ck,1959,0.00367079287443069,0.00203676763226881,0.00107552956153556,0.00709970349861023
ck,1960,0.00489439049924093,0.00271569017635842,0.00143403941538075,0.0094662713314803
ck,1961,0.00991114076096287,0.0054992726071258,0.00290392981614602,0.0191691994462476
ck,1962,0.00880990289863367,0.00488824231744515,0.00258127094768535,0.0170392883966645
ck,1963,0.00807574432374753,0.00448088879099139,0.00236616503537824,0.0156193476969425
ck,1964,0.010522939573368,0.0058387338791706,0.00308318474306861,0.0203524833626827
ck,1965,0.0181092448471914,0.0100480536525261,0.00530594583690878,0.0350252039264771
ck,1966,0.0341383737322055,0.0189419389801,0.0100024249222807,0.0660272425370751
ck,1967,0.0362184896943829,0.0200961073050523,0.0106118916738176,0.0700504078529542
ck,1968,0.0278980258456733,0.015479434005243,0.00817402466767028,0.0539577465894377
ck,1969,0.0236154341588375,0.0131032051009294,0.00691924017921212,0.0456747591743925
ck,1970,0.0249613915461287,0.0138500198994279,0.00731360101844183,0.0482779837905495
ck,1971,0.0256955501210149,0.0142573734258817,0.00752870693074894,0.0496979244902716
ck,1972,0.0234930743963564,0.0130353128465204,0.0068833891938276,0.0454381023911055
ck,1973,0.026184989170939,0.0145289424435175,0.00767211087228701,0.0506445516234196
ck,1974,0.0214129584341791,0.0118811445215681,0.00627392244229078,0.0414149370752263
ck,1975,0.0205723468659344,0.0114147247337785,0.00602762617269914,0.0397891049740446
ck,1976,0.0185326096253758,0.0102829608527812,0.00542999024633921,0.0358440363966502
ck,1977,0.0255034452939197,0.0141507825864596,0.00747242088369525,0.049326373340511
ck,1978,0.0264370502816499,0.0146688004876,0.00774596390217912,0.0511320645969909
ck,1979,0.0183649767507768,0.0101899484642409,0.00538087439636242,0.035519816603547
ck,1980,0.0174778684727893,0.00969772961977591,0.00512095475232466,0.0338040549247162
ck,1981,0.0157733969814287,0.00875199051585909,0.00462155052591831,0.0305074259335281
ck,1982,0.0150208844421704,0.00833445315124398,0.00440106696580352,0.029051986716313
ck,1983,0.0131414384904619,0.00729162812352235,0.00385039583029731,0.0254169385250246
ck,1984,0.00856640697129643,0.00475313673117132,0.00250992748677016,0.0165683413979234
ck,1985,0.015397752510612,0.00854356129482358,0.00451148800078784,0.029780889608837
ck,1986,6.11798812405116e-06,3.39461272044802e-06,1.79254926922594e-06,1.18328391643504e-05
ck,1987,1.22359762481023e-06,6.78922544089605e-07,3.58509853845188e-07,2.36656783287008e-06
ck,1988,6.11798812405116e-06,3.39461272044802e-06,1.79254926922594e-06,1.18328391643504e-05
ck,1989,4.89439049924093e-06,2.71569017635842e-06,1.43403941538075e-06,9.4662713314803e-06
ck,1990,1.22359762481023e-06,6.78922544089605e-07,3.58509853845188e-07,2.36656783287008e-06
ck,1991,3.67079287443069e-06,2.03676763226881e-06,1.07552956153556e-06,7.09970349861023e-06
ck,1992,4.89439049924093e-06,2.71569017635842e-06,1.43403941538075e-06,9.4662713314803e-06
ck,1993,3.67079287443069e-06,2.03676763226881e-06,1.07552956153556e-06,7.09970349861023e-06
ck,1994,3.67079287443069e-06,2.03676763226881e-06,1.07552956153556e-06,7.09970349861023e-06
ck,1995,3.67079287443069e-06,2.03676763226881e-06,1.07552956153556e-06,7.09970349861023e-06
ck,1996,6.11798812405116e-06,3.39461272044802e-06,1.79254926922594e-06,1.18328391643504e-05
ck,1997,2.44719524962046e-06,1.35784508817921e-06,7.17019707690375e-07,4.73313566574015e-06
ck,1998,2.44719524962046e-06,1.35784508817921e-06,7.17019707690375e-07,4.73313566574015e-06
ck,1999,2.44719524962046e-06,1.35784508817921e-06,7.17019707690375e-07,4.73313566574015e-06
crashed,1950,0,0,0,0
delta,1950,100,0,100,100
dep_t,1950,0.737005771534041,0.0664411951419745,0.636475823640575,0.847164045367696
dep_t,1951,0.396360364552649,0.382218687413943,0.0636684513572689,1.08551008684417
dep_t,1952,0.273357774541913,0.269073566422576,0.0426533173680445,0.770029055275718
dep_t,1953,0.248383978002271,0.290728816884141,0.0360236224537354,0.7123456784041
dep_t,1954,0.234838879166139,0.253909205450319,0.0314254377321706,0.708663936064029
dep_t,1955,0.260033665759195,0.280260005625503,0.0389960312150837,0.739278711550728
dep_t,1956,0.388780133565502,0.399761799885157,0.0489763994656412,1.31645161555861
dep_t,1957,0.347682188606034,0.333941354050474,0.0576585446294992,0.93475682258427
dep_t,1958,0.366738137508361,0.366840115194411,0.0485496845261672,1.07047801413185
dep_t,1959,0.421899398785002,0.427032991249285,0.050535115938879,1.25332397681318
dep_t,1960,0.48554555234429,0.411041120379956,0.0806720745289928,1.25313106749445
dep_t,1961,0.644887906796138,0.504937356795565,0.132041068627153,1.6594803847565
dep_t,1962,0.624207916616071,0.505482843694325,0.117049248015881,1.63272918818477
dep_t,1963,0.646226928856485,0.498158442735984,0.125892771943539,1.62387854122979
dep_t,1964,0.662412223767282,0.497487465933507,0.13146913673989,1.701330649304
dep_t,1965,0.788838666036274,0.533482761389514,0.172914849247104,1.80536533464854
dep_t,1966,0.933044621941091,0.574208732097473,0.219884800128944,2.06286181681307
dep_t,1967,0.985694775982507,0.649059439424492,0.236323835232052,2.30676622770426
dep_t,1968,0.93254842655072,0.563552909761788,0.235204128762272,1.96077238465627
dep_t,1969,0.887550956152975,0.542780374373775,0.218921394624534,1.86883291916847
dep_t,1970,0.846069448506515,0.533441170710903,0.206826120981679,1.85991080216297
dep_t,1971,0.864289268148657,0.553201769982349,0.227365086606093,1.98616986961647
dep_t,1972,0.79431624357522,0.532438412659985,0.205107610387998,1.82012173269502
dep_t,1973,0.87555861042947,0.571542676050305,0.19193750053638,1.9939423040864
dep_t,1974,0.834221490890947,0.560247129198474,0.185784373257926,1.90672070750777
dep_t,1975,0.834019406525941,0.589257530048322,0.168505622154564,1.99791954104214
dep_t,1976,0.767997501488657,0.527071383598989,0.158343127198866,1.82310153219258
dep_t,1977,0.796244501740826,0.520697380362688,0.182441727640622,1.78577955674815
dep_t,1978,0.812857333151004,0.534173146957282,0.178013242544993,1.83238803690377
dep_t,1979,0.783119888950764,0.514351075426366,0.169499933253247,1.80044338257985
dep_t,1980,0.741294390804796,0.522860349885004,0.137496979260116,1.74359830245067
dep_t,1981,0.642777142291717,0.483191435906997,0.129066733560695,1.60932830882044
dep_t,1982,0.647347671795429,0.512224056605102,0.108882870053492,1.65240889237888
dep_t,1983,0.505578112037113,0.451362946291047,0.0750410535523426,1.42921577196862
dep_t,1984,0.284356142921389,0.340425385468327,0.0377500622770186,0.869256503547469
dep_t,1985,0.109981959781763,0.282557273035664,0.0135694726320537,0.280901176086373
dep_t,1986,0.00221200643905847,0.00297765241171053,0.000239433803461826,0.00700523680398401
dep_t,1987,0.000331086757841525,0.000422934395401886,3.70302286683981e-05,0.00101052216098344
dep_t,1988,0.000267954166074805,0.000341404708971274,3.37473647590346e-05,0.000741833924561894
dep_t,1989,0.000189257288415273,0.000231684376341785,2.75743984609305e-05,0.00056442364786393
dep_t,1990,0.000112969772842999,0.000135167991514838,1.48233670321632e-05,0.000320120986007994
dep_t,1991,0.000138932201195241,0.00017265330577071,2.0544485236997e-05,0.000378348442171195
dep_t,1992,0.000183873594152632,0.000240464594692886,2.62987061904623e-05,0.000546858293012743
dep_t,1993,0.000167430074385756,0.00020525833246064,2.30656807443421e-05,0.000464689121831858
dep_t,1994,0.000169548779314675,0.000206365929466195,2.39030944889435e-05,0.000493103870028675
dep_t,1995,0.000186323554141219,0.000238393486141319,2.87013101691138e-05,0.000524933807002797
dep_t,1996,0.00024608787081532,0.000277627848032708,3.81994054396957e-05,0.00068456280148803
dep_t,1997,0.000399836234575807,0.000551428356673988,5.05329909934566e-05,0.0011830688548096
dep_t,1998,0.00222759682915951,0.00233480630047574,0.000315681965567027,0.00577834346482604
dep_t,1999,0.177658123266501,0.0545935616635984,0.105310447030498,0.274593387894272
growth_t,1950,0.121700101904043,0.0375555184826167,0.067511282846409,0.182490160164976
growth_t,1951,0.0610226995962387,0.206244096778583,-0.057616248928876,0.182404350681692
growth_t,1952,0.0798159581432237,0.0990724868236681,0.0108671440177719,0.184319097776356
growth_t,1953,0.0666385239406524,0.132416978233244,0.00839273311947256,0.169929120729023
growth_t,1954,0.0743940615212258,0.0916087646309443,0.00607966124237798,0.174191379420043
growth_t,1955,0.0736674756933219,0.135112963889461,0.0110133359031903,0.172523083212312
growth_t,1956,0.0512074003744847,0.213319809746931,-0.239650740226398,0.179500052041997
growth_t,1957,0.0759503711534431,0.17346441549845,0.00656058719195014,0.178926432367158
growth_t,1958,0.0675041468043099,0.182701780699341,-0.0417431647007006,0.184967215722193
growth_t,1959,0.0453633949136572,0.267136772993916,-0.182166165351464,0.189945991901639
growth_t,1960,0.0560023573241394,0.235421986418025,-0.216286118723462,0.189980974666072
growth_t,1961,-0.00536539636634205,0.369193712509626,-0.671192190909617,0.193577502544917
growth_t,1962,-0.00219418360324995,0.330428625380985,-0.649029368446402,0.191098112155568
growth_t,1963,0.00131078578671412,0.344812650119703,-0.64964007478846,0.195991483627732
growth_t,1964,-0.00323923625887928,0.361152719547866,-0.705882974048527,0.195482828078228
growth_t,1965,-0.0556170651656365,0.403665042945372,-0.916341901218902,0.193852540930523
growth_t,1966,-0.140573453591162,0.491079820070819,-1.24393061409453,0.191613941600573
growth_t,1967,-0.219106872851448,0.616061914861537,-1.73965459997667,0.188423824328182
growth_t,1968,-0.149290626983547,0.485966644478443,-1.21165752348947,0.18820607549524
growth_t,1969,-0.0977833608889487,0.434166699810443,-0.989326389780078,0.185832464466103
growth_t,1970,-0.0735981006661283,0.408886711336735,-0.936776922035341,0.194425208817686
growth_t,1971,-0.0953756003321761,0.469105168733154,-1.14657617065361,0.200227739144447
growth_t,1972,-0.0567142359605784,0.40232551437509,-0.915332076231901,0.198320567486891
growth_t,1973,-0.109386265070398,0.473949847405652,-1.13079840670193,0.196101156455108
growth_t,1974,-0.0890206037397058,0.459426632330789,-1.05580800752432,0.189551348492294
growth_t,1975,-0.107914602457898,0.505274658437566,-1.17278303410072,0.190591527895534
growth_t,1976,-0.0459288851382313,0.389237595189385,-0.887486188871183,0.191401982818831
growth_t,1977,-0.0523103088465569,0.382808447133347,-0.839938625927285,0.198926563592993
growth_t,1978,-0.063157985398148,0.407715264933553,-0.925371164294769,0.195105551371054
growth_t,1979,-0.0498191643921683,0.394854834197397,-0.875236870762242,0.189580992742216
growth_t,1980,-0.0410548440312992,0.382448878322383,-0.800867712513564,0.19013387131603
growth_t,1981,0.00396463837794364,0.319253045966613,-0.599812149645864,0.191561260514928
growth_t,1982,-0.00516453457749107,0.3663075017199,-0.645146772015089,0.192128318318218
growth_t,1983,0.0337729504864266,0.278578749339842,-0.392151132059185,0.183771491926195
growth_t,1984,0.0581008408376964,0.190681205463867,0.00734233474661095,0.183508365209115
growth_t,1985,0.00135431441608909,0.258267359161892,0.00169855189200238,0.109078600606441
growth_t,1986,0.000172388523069719,0.00070027376124964,6.8900456986406e-07,0.000622442551314822
growth_t,1987,3.53658265759185e-06,1.8790073495744e-05,1.79885155902988e-08,1.23561300159045e-05
growth_t,1988,2.44244979393995e-06,1.88322705904517e-05,1.36217694699544e-08,7.26039423105167e-06
growth_t,1989,1.09643963255888e-06,4.19569924926909e-06,9.07827604141933e-09,4.13795166476036e-06
growth_t,1990,4.03909641374055e-07,2.97148618012414e-06,2.73660527765255e-09,1.28957365326845e-06
growth_t,1991,5.86876673444091e-07,3.5302225062192e-06,5.24952626034795e-09,1.83744724658481e-06
growth_t,1992,1.12465806479184e-06,7.88748428783766e-06,8.48894214469820e-09,3.79075978025266e-06
growth_t,1993,9.05268284503256e-07,4.37534608439616e-06,6.45482529955297e-09,2.63062714790139e-06
growth_t,1994,9.01850253318549e-07,5.61262578946743e-06,6.86436046418795e-09,3.03263346875124e-06
growth_t,1995,1.10915971608577e-06,6.01306476340485e-06,1.07001119300233e-08,3.29819152465442e-06
growth_t,1996,1.74933784800073e-06,6.34760261161758e-06,1.77507523177097e-08,6.02740840249279e-06
growth_t,1997,5.8972957788244e-06,3.72672131485141e-05,3.13822999476325e-08,1.61448435163451e-05
growth_t,1998,0.000129038661761825,0.000487131689531958,1.18115344873592e-06,0.000458092221705737
growth_t,1999,0.0921889203671327,0.0327300944798183,0.0496930700902445,0.147569658095806
index_hat_t,1950,867108.858933095,690463.441360944,304190.251436753,2029464.94458297
index_hat_t,1951,475348.095756523,669702.772736863,49653.2504626672,1530715.15164554
index_hat_t,1952,317066.196772079,447238.272734448,34333.1634398184,1064644.98072529
index_hat_t,1953,275197.544860605,394231.975821557,30065.2663116551,881384.517821595
index_hat_t,1954,277344.54265649,415769.014545719,27592.9869168628,965580.630420945
index_hat_t,1955,321504.922913914,508139.268423474,30292.6737720266,1108939.93218023
index_hat_t,1956,421771.176859075,520650.401515932,39468.9070260754,1318923.82714809
index_hat_t,1957,395925.060788639,558477.326252002,41462.6747685026,1205543.06440876
index_hat_t,1958,432254.33242545,627659.517040724,31938.2448709059,1364008.4914054
index_hat_t,1959,499973.541701782,761098.033094287,32874.6112773359,1629929.56079993
index_hat_t,1960,580234.366991391,769844.886254748,71510.7327010706,1915212.61471705
index_hat_t,1961,738139.89414129,869028.170212576,101983.641740485,2146635.97157968
index_hat_t,1962,704730.012331644,851722.622461081,88629.0368800268,2050062.68468772
index_hat_t,1963,751737.233531926,925663.837996624,96770.1517464007,2159859.54340974
index_hat_t,1964,780985.887693691,959830.940834093,113648.879383751,2409606.3308087
index_hat_t,1965,912126.556617316,1008854.13122596,132583.617579172,2700598.73395303
index_hat_t,1966,1107361.01876862,1212841.09779154,164083.710315188,3219302.02272044
index_hat_t,1967,1125764.48175355,1258634.54363368,190821.099433763,3277954.49230213
index_hat_t,1968,1099933.21629201,1157410.28161225,175622.850564092,3241451.83299956
index_hat_t,1969,1015651.80758327,1004746.86989121,173202.249962137,2948534.09048192
index_hat_t,1970,975383.288374516,1086991.61003684,155655.771457016,2705208.20026172
index_hat_t,1971,1008332.71183014,1003735.82136356,163741.637949942,3218562.97508068
index_hat_t,1972,932677.96408409,1120429.67982734,149155.035843458,2467898.72521931
index_hat_t,1973,1010069.44357514,1095827.2373051,150982.545654234,2689293.44869742
index_hat_t,1974,963989.065575998,1154444.91342991,147637.10398838,2671365.81257004
index_hat_t,1975,966310.879356025,1111891.6196806,130925.552061268,2936033.66218085
index_hat_t,1976,896156.217258488,983106.25485663,130744.754529404,2776780.47502539
index_hat_t,1977,915164.488894761,1043052.15360853,152953.198577109,2635446.83820391
index_hat_t,1978,987224.422368623,1236278.81449008,139238.489842912,3115218.53402562
index_hat_t,1979,905697.281517878,962625.1100368,127286.480119984,2784844.04980698
index_hat_t,1980,885159.025161437,1058679.49822011,117252.335617868,2848069.61946797
index_hat_t,1981,765261.457909114,1021965.78918901,102494.145863734,2310393.35012288
index_hat_t,1982,734984.121301546,913096.424221708,94846.9871609297,2223510.74000077
index_hat_t,1983,558258.486121954,704802.750079877,63149.41729212,1737080.24462044
index_hat_t,1984,356544.105218925,785254.919756174,24152.6865322842,1157007.57758733
index_hat_t,1985,187590.529228951,838144.499418711,11962.9507664051,383392.677822299
index_hat_t,1986,2677.06148200818,5420.15183571127,184.77692831611,8981.20220640492
index_hat_t,1987,402.793148605571,903.66156138041,33.0259852346158,1239.41865225839
index_hat_t,1988,298.655591214709,474.702561660992,24.0981891012358,908.647944659496
index_hat_t,1989,210.893920615021,374.606840970419,22.9000647112609,641.858946624232
index_hat_t,1990,124.598127012874,194.899135073358,12.153181812268,369.477609300921
index_hat_t,1991,156.623825662179,240.756511509974,17.7006401789238,500.998801567833
index_hat_t,1992,195.241076470655,286.349748718305,20.1999331053548,597.546068413252
index_hat_t,1993,180.709458408003,277.031362093316,19.838397180021,545.575912640858
index_hat_t,1994,197.705395007115,358.666010502626,19.3858243636061,613.791959360379
index_hat_t,1995,206.027848399295,310.861130237536,23.8344760197588,630.476554541998
index_hat_t,1996,295.499112060285,493.875756660309,27.0445013901746,1015.28840817266
index_hat_t,1997,466.613146002869,958.591469018851,48.4132143841302,1519.86965172163
index_hat_t,1998,2559.25443158765,4023.85741170013,248.720510934343,7775.06485480868
index_hat_t,1999,211656.022522269,192443.614674775,58738.189722575,520282.32237572
k,1950,1173458.3400668,902444.037919801,422553.042823995,2789323.80133316
log_b,1950,13.4680783514915,0.609255302615506,12.6254082293597,14.5232826762662
log_b,1951,12.4551520684934,1.09854066986701,10.812818988269,14.2412456035384
log_b,1952,12.0860455710776,1.0519329537624,10.4438666840138,13.8781360377195
log_b,1953,11.9261852572138,1.08622794222494,10.3111252437899,13.6892465880518
log_b,1954,11.8862485636754,1.12705542575434,10.2253167851448,13.7804841550749
log_b,1955,12.0114821148728,1.12079936543997,10.3186611725135,13.9189146797488
log_b,1956,12.3779681000615,1.10618516127314,10.5832679874088,14.0923266631675
log_b,1957,12.3502806187953,1.03042101308307,10.6325480476616,14.0024404622431
log_b,1958,12.3488221583609,1.14922102258038,10.3715589974725,14.1259362554225
log_b,1959,12.4717784983787,1.16814349540053,10.4004428176855,14.3040468068442
log_b,1960,12.7202197986064,1.03885189234457,11.1776013404849,14.4653391949168
log_b,1961,13.0480714477068,0.968470776107176,11.5325676957849,14.5794115732877
log_b,1962,12.9798961070007,0.997605428194882,11.3922146646813,14.533380908635
log_b,1963,13.0468815221847,0.982997599389936,11.480093857316,14.5855529381471
log_b,1964,13.0906751041275,0.962628305823375,11.6408686518283,14.6949738535681
log_b,1965,13.2992731970091,0.923195953864547,11.7949687890739,14.8089835185753
log_b,1966,13.4977135293423,0.924161763305034,12.0081319113903,14.9846750063987
log_b,1967,13.5322777829258,0.890171989759993,12.1590892443147,15.0027301502093
log_b,1968,13.5029105245087,0.903551798494931,12.0760940550374,14.9915317995601
log_b,1969,13.4490143761677,0.887647640406975,12.0622152030572,14.896817180856
log_b,1970,13.3945182865,0.881915601431474,11.9553929033588,14.8106882444613
log_b,1971,13.4216267543419,0.90335541838099,12.0060450643449,14.9844454773574
log_b,1972,13.3163896770225,0.918970161249717,11.9127413557565,14.7188769564756
log_b,1973,13.4171715967056,0.916850572683485,11.9249177338431,14.8047881386155
log_b,1974,13.3569462169252,0.914632768431893,11.9025125094033,14.7980995482191
log_b,1975,13.3268098921973,0.967161432744365,11.7823840221985,14.8925692174318
log_b,1976,13.2619833855121,0.958441158880212,11.7810010202262,14.8368021472801
log_b,1977,13.3171351008405,0.891992354658949,11.9378830646249,14.7845594245046
log_b,1978,13.3358680279087,0.950844467409337,11.8439434181927,14.9518097545285
log_b,1979,13.2977626691815,0.930732503248608,11.7541954651591,14.839702363104
log_b,1980,13.2045228180724,0.977596513768575,11.6720835397797,14.8621497862616
log_b,1981,13.0532497201754,0.979917913905335,11.5375609617373,14.6529274189031
log_b,1982,13.0285112993953,0.970412014467918,11.4600196384194,14.6145979114969
log_b,1983,12.7192304690346,1.01117182347333,11.0532589003671,14.3677161001599
log_b,1984,12.0183674779703,1.17662103333892,10.0921508950592,13.9613467569596
log_b,1985,10.7702232633235,1.22906571139225,9.38956971185445,12.8568139599639
log_b,1986,7.09558732172664,1.23970405082751,5.21914930446774,9.10288807985407
log_b,1987,5.26123939588564,1.18086806437528,3.49729464119364,7.12239768338222
log_b,1988,5.09440625380888,1.09774373962553,3.1821365717128,6.81195748467031
log_b,1989,4.74515455312456,1.04810548587682,3.13113969602952,6.46436469123477
log_b,1990,4.24795399682156,1.06118279706613,2.49759089129221,5.91209013897625
log_b,1991,4.46669268726605,1.04314973813093,2.87360075898633,6.21660332844104
log_b,1992,4.71278279197266,1.04010275489395,3.00567914395095,6.39283017154188
log_b,1993,4.62824284681312,1.03133282575017,2.98761188262196,6.30184195716838
log_b,1994,4.63915796873197,1.08418398731497,2.9645420596605,6.41965592400115
log_b,1995,4.75133755131594,1.03654549394254,3.17112540731744,6.44647575489956
log_b,1996,5.03612026164979,1.11110525356741,3.29747973872413,6.92292763402964
log_b,1997,5.47816144103936,1.09243307800437,3.87977274726309,7.32637971070661
log_b,1998,7.26223477439777,1.06418224641432,5.51632924133405,8.95867669375291
log_b,1999,12.0038043279454,0.691971627128716,10.9808452633271,13.1621253501534
log_b_div_bmsy,1950,0.383934449434778,0.0901072738286077,0.241338335570116,0.52728625116077
log_b_div_bmsy,1951,-0.628991833563357,0.91018739116003,-2.06092221608225,0.775197176557959
log_b_div_bmsy,1952,-0.998098330979181,0.907309206372166,-2.46150349966992,0.43182014907794
log_b_div_bmsy,1953,-1.15795864484298,0.956875692408566,-2.63043324694312,0.353955196181358
log_b_div_bmsy,1954,-1.19789533838135,0.956052432883503,-2.76699041516319,0.348772997872438
log_b_div_bmsy,1955,-1.072661787184,0.921618111853612,-2.55115051635926,0.391066898227581
log_b_div_bmsy,1956,-0.70617580199522,0.988894764041138,-2.32326956373446,0.968086121777044
log_b_div_bmsy,1957,-0.733863283261484,0.885350891413267,-2.16006966949107,0.625675896378852
log_b_div_bmsy,1958,-0.735321743695816,0.955663255745704,-2.33202044026034,0.761252138583832
log_b_div_bmsy,1959,-0.6123654036781,0.977111256867393,-2.2919396490749,0.918946357589751
log_b_div_bmsy,1960,-0.363924103450394,0.852781960963486,-1.82421612444098,0.918792423723639
log_b_div_bmsy,1961,-0.036072454349973,0.791069752811142,-1.33150010889351,1.19965135497533
log_b_div_bmsy,1962,-0.104247795056073,0.844642469851993,-1.45201546001508,1.18340006712549
log_b_div_bmsy,1963,-0.0372623798720191,0.805449094393912,-1.37917777651807,1.17796443467865
log_b_div_bmsy,1964,0.00653120207077238,0.772416031156298,-1.335842847251,1.22455729927649
log_b_div_bmsy,1965,0.215129294952374,0.73496692799731,-1.06180952598189,1.28391011835114
log_b_div_bmsy,1966,0.413569627285583,0.693003025838862,-0.82150436348711,1.4172414176361
log_b_div_bmsy,1967,0.448133880868992,0.712411060256814,-0.749406060224173,1.52899373420426
log_b_div_bmsy,1968,0.418766622451943,0.679184066814919,-0.754154712337651,1.36648562466068
log_b_div_bmsy,1969,0.364870474110917,0.696887811181646,-0.825895428228843,1.31846127454401
log_b_div_bmsy,1970,0.310374384443187,0.698855851823875,-0.88273164307177,1.31367566034065
log_b_div_bmsy,1971,0.337482852285157,0.67834479277903,-0.788051195832319,1.37935507626725
log_b_div_bmsy,1972,0.232245774965742,0.711590002205695,-0.891073339141391,1.29205054988048
log_b_div_bmsy,1973,0.333027694648801,0.713508156688035,-0.957439488722482,1.38326082331962
log_b_div_bmsy,1974,0.272802314868478,0.732986410538676,-0.990023823378605,1.3385319559124
log_b_div_bmsy,1975,0.242665990140508,0.785492281717091,-1.08764001169687,1.38525292751972
log_b_div_bmsy,1976,0.177839483455339,0.757474815550226,-1.14984373615345,1.29368629724254
log_b_div_bmsy,1977,0.232991198783703,0.723421917140283,-1.00817728341753,1.27300220876733
log_b_div_bmsy,1978,0.251724125851983,0.72869851095531,-1.0327501638169,1.29876678769139
log_b_div_bmsy,1979,0.213618767124771,0.730894335922521,-1.08175735918922,1.28118008755249
log_b_div_bmsy,1980,0.120378916015674,0.790828893924904,-1.29100689411511,1.24909812279931
log_b_div_bmsy,1981,-0.0308941818813358,0.782937548016235,-1.35427940764317,1.16896402534977
log_b_div_bmsy,1982,-0.0556326026614307,0.835162267425707,-1.52433538166294,1.19538133857885
log_b_div_bmsy,1983,-0.364913433022199,0.909902233217578,-1.89657287854683,1.05027305923845
log_b_div_bmsy,1984,-1.06577642408647,0.993951850386983,-2.58362734875422,0.553030141456344
log_b_div_bmsy,1985,-2.31392063873329,1.04229062089624,-3.60678576623458,-0.576605216307023
log_b_div_bmsy,1986,-5.98855658033013,1.0743679034268,-7.64408792068158,-4.26795025936528
log_b_div_bmsy,1987,-7.82290450617112,1.02469598114889,-9.51062953711751,-6.20414107786458
log_b_div_bmsy,1988,-7.98973764824789,0.958973967191817,-9.60346136710424,-6.51323855728334
log_b_div_bmsy,1989,-8.3389893489322,0.946600831635424,-9.80547562715618,-6.7865598290105
log_b_div_bmsy,1990,-8.8361899052352,0.946506253964343,-10.4261585926382,-7.35366437698829
log_b_div_bmsy,1991,-8.61745121479071,0.918858394340401,-10.0997713809049,-7.18654789988949
log_b_div_bmsy,1992,-8.37136111008411,0.953378263082281,-9.85284439223319,-6.81817367067866
log_b_div_bmsy,1993,-8.45590105524365,0.957463263825915,-9.98401758983433,-6.98099554084199
log_b_div_bmsy,1994,-8.4449859333248,0.962725339760941,-9.94835545043807,-6.92164631586785
log_b_div_bmsy,1995,-8.33280635074083,0.907619985032044,-9.76542077216328,-6.85914292601101
log_b_div_bmsy,1996,-8.04802364040697,0.931060755038176,-9.47955085808489,-6.59358299538307
log_b_div_bmsy,1997,-7.60598246101741,0.954341141727248,-9.19973699623351,-6.04649641528511
log_b_div_bmsy,1998,-5.82190912765899,0.937244294845268,-7.3676313087664,-4.4604913922908
log_b_div_bmsy,1999,-1.08033957411132,0.30280437590116,-1.55769567813734,-0.599316695595933
log_c_div_msy,1950,-5.01089545184576,0.659113992480327,-6.11636039845674,-4.0788275077347
log_c_div_msy,1951,-5.01089545184576,0.659113992480327,-6.11636039845674,-4.0788275077347
log_c_div_msy,1952,-5.01089545184576,0.659113992480327,-6.11636039845674,-4.0788275077347
log_c_div_msy,1953,-5.01089545184576,0.659113992480327,-6.11636039845674,-4.0788275077347
log_c_div_msy,1954,-5.01089545184576,0.659113992480327,-6.11636039845674,-4.0788275077347
log_c_div_msy,1955,-5.01089545184576,0.659113992480327,-6.11636039845674,-4.0788275077347
log_c_div_msy,1956,-4.31774827128581,0.659113992480327,-5.42321321789679,-3.38568032717475
log_c_div_msy,1957,-4.31774827128581,0.659113992480327,-5.42321321789679,-3.38568032717475
log_c_div_msy,1958,-4.31774827128581,0.659113992480327,-5.42321321789679,-3.38568032717475
log_c_div_msy,1959,-3.91228316317765,0.659113992480327,-5.01774810978863,-2.98021521906659
log_c_div_msy,1960,-3.62460109072587,0.659113992480327,-4.73006603733685,-2.69253314661481
log_c_div_msy,1961,-2.91903139016737,0.659113992480327,-4.02449633677835,-1.98696344605631
log_c_div_msy,1962,-3.03681442582375,0.659113992480327,-4.14227937243473,-2.10474648171269
log_c_div_msy,1963,-3.12382580281338,0.659113992480327,-4.22929074942436,-2.19175785870232
log_c_div_msy,1964,-2.8591332485863,0.659113992480327,-3.96459819519728,-1.92706530447524
log_c_div_msy,1965,-2.31626827107569,0.659113992480327,-3.42173321768667,-1.38420032696463
log_c_div_msy,1966,-1.68226876301844,0.659113992480327,-2.78773370962942,-0.75020081890738
log_c_div_msy,1967,-1.62312109051574,0.659113992480327,-2.72858603712672,-0.691053146404685
log_c_div_msy,1968,-1.88413491588536,0.659113992480327,-2.98959986249634,-0.952066971774304
log_c_div_msy,1969,-2.05079035593492,0.659113992480327,-3.1562553025459,-1.11872241182386
log_c_div_msy,1970,-1.99536055099559,0.659113992480327,-3.10082549760657,-1.06329260688453
log_c_div_msy,1971,-1.96637301412234,0.659113992480327,-3.07183796073332,-1.03430507001128
log_c_div_msy,1972,-2.05598517281202,0.659113992480327,-3.161450119423,-1.12391722870096
log_c_div_msy,1973,-1.94750452981795,0.659113992480327,-3.05296947642893,-1.01543658570689
log_c_div_msy,1974,-2.14869457091629,0.659113992480327,-3.25415951752727,-1.21662662680523
log_c_div_msy,1975,-2.18874305514897,0.659113992480327,-3.29420800175995,-1.25667511103791
log_c_div_msy,1976,-2.29315898115413,0.659113992480327,-3.39862392776511,-1.36109103704307
log_c_div_msy,1977,-1.97387729138623,0.659113992480327,-3.07934223799721,-1.04180934727517
log_c_div_msy,1978,-1.93792439795097,0.659113992480327,-3.04338934456195,-1.00585645383991
log_c_div_msy,1979,-2.30224543067158,0.659113992480327,-3.40771037728256,-1.37017748656052
log_c_div_msy,1980,-2.35175542211356,0.659113992480327,-3.45722036872454,-1.4196874780025
log_c_div_msy,1981,-2.45436605838479,0.659113992480327,-3.55983100499577,-1.52229811427373
log_c_div_msy,1982,-2.50324931508827,0.659113992480327,-3.60871426169925,-1.57118137097721
log_c_div_msy,1983,-2.63692036276504,0.659113992480327,-3.74238530937602,-1.70485241865398
log_c_div_msy,1984,-3.0648424558507,0.659113992480327,-4.17030740246168,-2.13277451173964
log_c_div_msy,1985,-2.47846928608978,0.659113992480327,-3.58393423270076,-1.54640134197872
log_c_div_msy,1986,-10.3092128183938,0.659113992480327,-11.4146777650048,-9.37714487428274
log_c_div_msy,1987,-11.9186507308279,0.659113992480327,-13.0241156774389,-10.9865827867168
log_c_div_msy,1988,-10.3092128183938,0.659113992480327,-11.4146777650048,-9.37714487428274
log_c_div_msy,1989,-10.532356369708,0.659113992480327,-11.637821316319,-9.60028842559695
log_c_div_msy,1990,-11.9186507308279,0.659113992480327,-13.0241156774389,-10.9865827867168
log_c_div_msy,1991,-10.8200384421598,0.659113992480327,-11.9255033887708,-9.88797049804873
log_c_div_msy,1992,-10.532356369708,0.659113992480327,-11.637821316319,-9.60028842559695
log_c_div_msy,1993,-10.8200384421598,0.659113992480327,-11.9255033887708,-9.88797049804873
log_c_div_msy,1994,-10.8200384421598,0.659113992480327,-11.9255033887708,-9.88797049804873
log_c_div_msy,1995,-10.8200384421598,0.659113992480327,-11.9255033887708,-9.88797049804873
log_c_div_msy,1996,-10.3092128183938,0.659113992480327,-11.4146777650048,-9.37714487428274
log_c_div_msy,1997,-11.225503550268,0.659113992480327,-12.3309684968789,-10.2934356061569
log_c_div_msy,1998,-11.225503550268,0.659113992480327,-12.3309684968789,-10.2934356061569
log_c_div_msy,1999,-11.225503550268,0.659113992480327,-12.3309684968789,-10.2934356061569
log_depletion,1950,-0.309212731125167,0.0901072738286077,-0.451808844989829,-0.165860929399176
log_depletion,1951,-1.3221390141233,0.91018739116003,-2.75406939664219,0.0820499959980136
log_depletion,1952,-1.69124551153913,0.907309206372166,-3.15465068022987,-0.261327031482006
log_depletion,1953,-1.85110582540293,0.956875692408566,-3.32358042750306,-0.339191984378587
log_depletion,1954,-1.8910425189413,0.956052432883503,-3.46013759572314,-0.344374182687507
log_depletion,1955,-1.76580896774395,0.921618111853612,-3.24429769691921,-0.302080282332365
log_depletion,1956,-1.39932298255516,0.988894764041138,-3.01641674429441,0.274938941217099
log_depletion,1957,-1.42701046382143,0.885350891413267,-2.85321685005101,-0.0674712841810928
log_depletion,1958,-1.42846892425576,0.955663255745704,-3.02516762082028,0.0681049580238867
log_depletion,1959,-1.30551258423805,0.977111256867393,-2.98508682963484,0.225799177029806
log_depletion,1960,-1.05707128401034,0.852781960963486,-2.51736330500093,0.225645243163693
log_depletion,1961,-0.729219634909918,0.791069752811142,-2.02464728945345,0.506504174415388
log_depletion,1962,-0.797394975616018,0.844642469851993,-2.14516264057502,0.490252886565542
log_depletion,1963,-0.730409560431964,0.805449094393912,-2.07232495707802,0.484817254118701
log_depletion,1964,-0.686615978489173,0.772416031156298,-2.02899002781095,0.531410118716546
log_depletion,1965,-0.478017885607571,0.73496692799731,-1.75495670654184,0.590762937791192
log_depletion,1966,-0.279577553274363,0.693003025838862,-1.51465154404705,0.724094237076159
log_depletion,1967,-0.245013299690953,0.712411060256814,-1.44255324078412,0.83584655364431
log_depletion,1968,-0.274380558108002,0.679184066814919,-1.4473018928976,0.673338444100739
log_depletion,1969,-0.328276706449029,0.696887811181646,-1.51904260878879,0.625314093984065
log_depletion,1970,-0.382772796116758,0.698855851823875,-1.57587882363171,0.620528479780702
log_depletion,1971,-0.355664328274788,0.67834479277903,-1.48119837639226,0.686207895707308
log_depletion,1972,-0.460901405594203,0.711590002205695,-1.58422051970134,0.598903369320536
log_depletion,1973,-0.360119485911145,0.713508156688035,-1.65058666928243,0.690113642759675
log_depletion,1974,-0.420344865691467,0.732986410538676,-1.68317100393855,0.645384775352457
log_depletion,1975,-0.450481190419438,0.785492281717091,-1.78078719225681,0.692105746959772
log_depletion,1976,-0.515307697104606,0.757474815550226,-1.84299091671339,0.600539116682595
log_depletion,1977,-0.460155981776243,0.723421917140283,-1.70132446397748,0.579855028207388
log_depletion,1978,-0.441423054707962,0.72869851095531,-1.72589734437685,0.605619607131441
log_depletion,1979,-0.479528413435174,0.730894335922521,-1.77490453974916,0.588032906992542
log_depletion,1980,-0.572768264544271,0.790828893924904,-1.98415407467505,0.55595094223937
log_depletion,1981,-0.724041362441281,0.782937548016235,-2.04742658820311,0.475816844789827
log_depletion,1982,-0.748779783221376,0.835162267425707,-2.21748256222289,0.5022341580189
log_depletion,1983,-1.05806061358214,0.909902233217578,-2.58972005910677,0.357125878678504
log_depletion,1984,-1.75892360464641,0.993951850386983,-3.27677452931417,-0.140117039103601
log_depletion,1985,-3.00706781929324,1.04229062089624,-4.29993294679453,-1.26975239686697
log_depletion,1986,-6.68170376089008,1.0743679034268,-8.33723510124153,-4.96109743992523
log_depletion,1987,-8.51605168673107,1.02469598114889,-10.2037767176775,-6.89728825842452
log_depletion,1988,-8.68288482880784,0.958973967191817,-10.2966085476642,-7.20638573784328
log_depletion,1989,-9.03213652949215,0.946600831635424,-10.4986228077161,-7.47970700957045
log_depletion,1990,-9.52933708579515,0.946506253964343,-11.1193057731981,-8.04681155754824
log_depletion,1991,-9.31059839535066,0.918858394340401,-10.7929185614649,-7.87969508044943
log_depletion,1992,-9.06450829064405,0.953378263082281,-10.5459915727931,-7.51132085123861
log_depletion,1993,-9.14904823580359,0.957463263825915,-10.6771647703943,-7.67414272140194
log_depletion,1994,-9.13813311388474,0.962725339760941,-10.641502630998,-7.6147934964278
log_depletion,1995,-9.02595353130077,0.907619985032044,-10.4585679527232,-7.55229010657095
log_depletion,1996,-8.74117082096692,0.931060755038176,-10.1726980386448,-7.28673017594302
log_depletion,1997,-8.29912964157735,0.954341141727248,-9.89288417679346,-6.73964359584505
log_depletion,1998,-6.51505630821894,0.937244294845268,-8.06077848932635,-5.15363857285075
log_depletion,1999,-1.77348675467127,0.30280437590116,-2.25084285869728,-1.29246387615588
log_ihat,1950,13.4680783514915,0.609255302615506,12.6254082293597,14.5232826762662
log_ihat,1951,12.4551520684934,1.09854066986701,10.812818988269,14.2412456035384
log_ihat,1952,12.0860455710776,1.0519329537624,10.4438666840138,13.8781360377195
log_ihat,1953,11.9261852572138,1.08622794222494,10.3111252437899,13.6892465880518
log_ihat,1954,11.8862485636754,1.12705542575434,10.2253167851448,13.7804841550749
log_ihat,1955,12.0114821148728,1.12079936543997,10.3186611725135,13.9189146797488
log_ihat,1956,12.3779681000615,1.10618516127314,10.5832679874088,14.0923266631675
log_ihat,1957,12.3502806187953,1.03042101308307,10.6325480476616,14.0024404622431
log_ihat,1958,12.3488221583609,1.14922102258038,10.3715589974725,14.1259362554225
log_ihat,1959,12.4717784983787,1.16814349540053,10.4004428176855,14.3040468068442
log_ihat,1960,12.7202197986064,1.03885189234457,11.1776013404849,14.4653391949168
log_ihat,1961,13.0480714477068,0.968470776107176,11.5325676957849,14.5794115732877
log_ihat,1962,12.9798961070007,0.997605428194882,11.3922146646813,14.533380908635
log_ihat,1963,13.0468815221847,0.982997599389936,11.480093857316,14.5855529381471
log_ihat,1964,13.0906751041275,0.962628305823375,11.6408686518283,14.6949738535681
log_ihat,1965,13.2992731970091,0.923195953864547,11.7949687890739,14.8089835185753
log_ihat,1966,13.4977135293423,0.924161763305034,12.0081319113903,14.9846750063987
log_ihat,1967,13.5322777829258,0.890171989759993,12.1590892443147,15.0027301502093
log_ihat,1968,13.5029105245087,0.903551798494931,12.0760940550374,14.9915317995601
log_ihat,1969,13.4490143761677,0.887647640406975,12.0622152030572,14.896817180856
log_ihat,1970,13.3945182865,0.881915601431474,11.9553929033588,14.8106882444613
log_ihat,1971,13.4216267543419,0.90335541838099,12.0060450643449,14.9844454773574
log_ihat,1972,13.3163896770225,0.918970161249717,11.9127413557565,14.7188769564756
log_ihat,1973,13.4171715967056,0.916850572683485,11.9249177338431,14.8047881386155
log_ihat,1974,13.3569462169252,0.914632768431893,11.9025125094033,14.7980995482191
log_ihat,1975,13.3268098921973,0.967161432744365,11.7823840221985,14.8925692174318
log_ihat,1976,13.2619833855121,0.958441158880212,11.7810010202262,14.8368021472801
log_ihat,1977,13.3171351008405,0.891992354658949,11.9378830646249,14.7845594245046
log_ihat,1978,13.3358680279087,0.950844467409337,11.8439434181927,14.9518097545285
log_ihat,1979,13.2977626691815,0.930732503248608,11.7541954651591,14.839702363104
log_ihat,1980,13.2045228180724,0.977596513768575,11.6720835397797,14.8621497862616
log_ihat,1981,13.0532497201754,0.979917913905335,11.5375609617373,14.6529274189031
log_ihat,1982,13.0285112993953,0.970412014467918,11.4600196384194,14.6145979114969
log_ihat,1983,12.7192304690346,1.01117182347333,11.0532589003671,14.3677161001599
log_ihat,1984,12.0183674779703,1.17662103333892,10.0921508950592,13.9613467569596
log_ihat,1985,10.7702232633235,1.22906571139225,9.38956971185445,12.8568139599639
log_ihat,1986,7.09558732172664,1.23970405082751,5.21914930446774,9.10288807985407
log_ihat,1987,5.26123939588564,1.18086806437528,3.49729464119364,7.12239768338222
log_ihat,1988,5.09440625380888,1.09774373962553,3.1821365717128,6.81195748467031
log_ihat,1989,4.74515455312456,1.04810548587682,3.13113969602952,6.46436469123477
log_ihat,1990,4.24795399682156,1.06118279706613,2.49759089129221,5.91209013897625
log_ihat,1991,4.46669268726605,1.04314973813093,2.87360075898633,6.21660332844104
log_ihat,1992,4.71278279197266,1.04010275489395,3.00567914395095,6.39283017154188
log_ihat,1993,4.62824284681312,1.03133282575017,2.98761188262196,6.30184195716838
log_ihat,1994,4.63915796873197,1.08418398731497,2.9645420596605,6.41965592400115
log_ihat,1995,4.75133755131594,1.03654549394254,3.17112540731744,6.44647575489956
log_ihat,1996,5.03612026164979,1.11110525356741,3.29747973872413,6.92292763402964
log_ihat,1997,5.47816144103936,1.09243307800437,3.87977274726309,7.32637971070661
log_ihat,1998,7.26223477439777,1.06418224641432,5.51632924133405,8.95867669375291
log_ihat,1999,12.0038043279454,0.691971627128716,10.9808452633271,13.1621253501534
log_sigma_ratio,1950,-0.0512231658346872,0.0474603510038259,-0.127970849948321,0.0261452421234464
log_u_div_umsy,1950,-5.39482990128054,0.667642269482664,-6.53645345383954,-4.43211644133888
log_u_div_umsy,1951,-4.3819036182824,1.12892248663055,-6.18805231902163,-2.69272303098075
log_u_div_umsy,1952,-4.01279712086658,1.0877834501327,-5.85701423798152,-2.35348389248808
log_u_div_umsy,1953,-3.85293680700277,1.08453716135244,-5.58077729734388,-2.21271512591966
log_u_div_umsy,1954,-3.81300011346441,1.14397124115375,-5.717227912236,-2.11572157887412
log_u_div_umsy,1955,-3.93823366466176,1.14299981298534,-5.88038622951396,-2.16773044111441
log_u_div_umsy,1956,-3.61157246929059,1.11881167266169,-5.37977367745693,-1.82002176308725
log_u_div_umsy,1957,-3.58388498802433,1.03345274567564,-5.20029056027947,-1.92842050008716
log_u_div_umsy,1958,-3.58242652759,1.15710912072295,-5.3141679072817,-1.57236222437947
log_u_div_umsy,1959,-3.29991775949955,1.1820467919708,-5.12310191979936,-1.22572694778381
log_u_div_umsy,1960,-3.26067698727547,1.05997665463834,-5.05573933431054,-1.68831984480041
log_u_div_umsy,1961,-2.88295893581739,0.990040202320531,-4.4900398829247,-1.32636837954201
log_u_div_umsy,1962,-2.93256663076768,1.00713516410685,-4.47319780171655,-1.36214271769241
log_u_div_umsy,1963,-3.08656342294136,1.00193172560178,-4.67059869095594,-1.4870862719848
log_u_div_umsy,1964,-2.86566445065707,0.970285108040441,-4.54509566659503,-1.38848847376453
log_u_div_umsy,1965,-2.53139756602806,0.933816594563335,-4.06230935778332,-1.02053626023926
log_u_div_umsy,1966,-2.09583839030402,0.930241163341882,-3.56502140967178,-0.617110618481252
log_u_div_umsy,1967,-2.07125497138474,0.890982680921197,-3.52557588167768,-0.670945325971898
log_u_div_umsy,1968,-2.30290153833731,0.927717080858609,-3.77876850801827,-0.793218921539669
log_u_div_umsy,1969,-2.41566083004584,0.897251488325281,-3.8402585262175,-1.00444816662533
log_u_div_umsy,1970,-2.30573493543878,0.893856595385265,-3.737476170868,-0.83162460136151
log_u_div_umsy,1971,-2.30385586640749,0.913840302009224,-3.86019274721834,-0.883606924292092
log_u_div_umsy,1972,-2.28823094777777,0.929548915973192,-3.72161549278089,-0.866038172398443
log_u_div_umsy,1973,-2.28053222446675,0.923761920747869,-3.70989766582999,-0.760689345260621
log_u_div_umsy,1974,-2.42149688578477,0.91437282587203,-3.87899243546933,-0.981323925876638
log_u_div_umsy,1975,-2.43140904528948,0.957905797767951,-4.02869732304177,-0.894826048156966
log_u_div_umsy,1976,-2.47099846460947,0.96935820488671,-4.03665086865433,-0.994409535778581
log_u_div_umsy,1977,-2.20686849016993,0.914868996374703,-3.70621086419364,-0.741943654273999
log_u_div_umsy,1978,-2.18964852380295,0.951822970473378,-3.76001877907457,-0.683625892641965
log_u_div_umsy,1979,-2.51586419779635,0.943975789668153,-4.1084170448824,-0.985615325444089
log_u_div_umsy,1980,-2.47213433812923,0.994820582729135,-4.1545708435329,-0.967706701057637
log_u_div_umsy,1981,-2.42347187650346,1.00178598542281,-4.03828398372942,-0.896045074459704
log_u_div_umsy,1982,-2.44761671242684,0.970449733508633,-3.99079424548544,-0.917567734888473
log_u_div_umsy,1983,-2.27200692974284,1.02390660993358,-3.9501357584791,-0.560795277751236
log_u_div_umsy,1984,-1.99906603176423,1.1939543815628,-3.99168829696591,-0.0549795055694257
log_u_div_umsy,1985,-0.16454864735649,1.25734475391715,-2.29841747543903,1.34722606532019
log_u_div_umsy,1986,-4.32065623806367,1.26938906983245,-6.4080356141967,-2.37709750616046
log_u_div_umsy,1987,-4.09574622465677,1.20426278577662,-6.04334954324087,-2.28054665144087
log_u_div_umsy,1988,-2.31947517014591,1.13673682531239,-4.12712557836492,-0.349226620710504
log_u_div_umsy,1989,-2.1933670207758,1.07666516369493,-3.94117269977281,-0.580897062077649
log_u_div_umsy,1990,-3.08246082559269,1.08139106619652,-4.80575792928921,-1.32836918705373
log_u_div_umsy,1991,-2.20258722736908,1.06166845754669,-4.00537191230157,-0.544727343006601
log_u_div_umsy,1992,-2.1609952596239,1.05675199407259,-3.83717048201657,-0.451079660292821
log_u_div_umsy,1993,-2.36413738691614,1.04917717065883,-4.07949497997517,-0.684603118372853
log_u_div_umsy,1994,-2.37505250883499,1.09744586073202,-4.15589608766046,-0.676448467261416
log_u_div_umsy,1995,-2.48723209141896,1.04867929847166,-4.17604157232615,-0.87612838925826
log_u_div_umsy,1996,-2.26118917798682,1.12688782825904,-4.1201902978844,-0.499354262326461
log_u_div_umsy,1997,-3.61952108925054,1.11767280697952,-5.48734482879556,-1.94904112168462
log_u_div_umsy,1998,-5.40359442260896,1.09062007633279,-7.18279566926023,-3.59146104873784
log_u_div_umsy,1999,-10.1451639761566,0.745459972926131,-11.3780874265767,-9.04774058358897
m,1950,2,0,2,2
msy,1950,189559.577865625,157354.986523006,59076.1645831405,453212.207305036
pen,1950,0,0,0,0
plim,1950,0.05,0,0.05,0.05
proc_errors,1950,0.465078153683841,0.452228812571191,0.072501495412043,1.2685553837264
proc_errors,1951,0.80619258715107,0.951956291550283,0.105305060754586,2.22885118914003
proc_errors,1952,1.0118481297698,1.29496369761755,0.124481956753367,3.34454651257624
proc_errors,1953,1.05494954702977,1.22642888453085,0.139684934038192,3.03237083738712
proc_errors,1954,1.34420399428648,1.88497761270282,0.149364487580774,3.7185152066542
proc_errors,1955,1.66986337666608,2.01506220363449,0.223330109627623,6.30847682097057
proc_errors,1956,1.11416977456938,1.25377182659664,0.174687674412638,3.3507050590199
proc_errors,1957,1.13437754801891,1.31592941615942,0.123481135992859,3.17487284999069
proc_errors,1958,1.33677946530611,1.89397313574337,0.187825897298106,3.90311824543831
proc_errors,1959,1.57557592254445,2.08199306509188,0.197927488428679,4.3582600880488
proc_errors,1960,1.5611638820971,1.58555329044757,0.293565905995726,4.25051895301876
proc_errors,1961,1.17702067931981,1.11075543458456,0.191157118908413,2.92143216656916
proc_errors,1962,1.32533549704038,1.50139533656575,0.248061573310393,3.55086351902055
proc_errors,1963,1.2832048499655,1.33241549400182,0.239073615483668,3.34265039138104
proc_errors,1964,1.4766559960862,1.31105090010207,0.303988582183254,3.76610400137544
proc_errors,1965,1.58073953109778,1.54091460345003,0.332492199679174,3.87664824451558
proc_errors,1966,1.43134854788114,1.1095200200576,0.355428861459309,3.26653231554571
proc_errors,1967,1.46120709894184,1.11719342509843,0.338271511853598,3.61757887364139
proc_errors,1968,1.32488457128759,0.99875737298776,0.286615680704321,3.28755642846216
proc_errors,1969,1.26290168157517,1.00226689420997,0.274567598411387,3.01609415301121
proc_errors,1970,1.34982199777745,1.24732188708655,0.320767612121491,3.4395919646837
proc_errors,1971,1.18722955780822,0.93739101054855,0.300646293083824,2.69749205429298
proc_errors,1972,1.42552668832183,1.27886149287828,0.293162154807245,3.45131162888778
proc_errors,1973,1.27939975537232,1.11117391670393,0.271651517050928,2.97232940231839
proc_errors,1974,1.29891466429157,1.14320083389862,0.26545378466723,3.13244000366738
proc_errors,1975,1.36595629570664,1.37549403166897,0.25026978451602,3.59657265717687
proc_errors,1976,1.33334693968401,1.16392126023539,0.29208131275461,3.22130597550369
proc_errors,1977,1.30531552590733,1.08805397665581,0.277492571353558,3.15730507248013
proc_errors,1978,1.28920092902762,1.3690720067319,0.273370707269361,3.15429777313355
proc_errors,1979,1.185038859611,0.986203410329374,0.212604669471563,2.88736148207008
proc_errors,1980,1.13345146653332,1.07287367729467,0.18696788497621,2.88668934344585
proc_errors,1981,1.25103101889512,1.29053031946102,0.208187649424174,3.34011267878127
proc_errors,1982,0.955830347380466,0.981137273263567,0.143880603870064,2.54200919824171
proc_errors,1983,0.819341815408131,1.97884909230644,0.0748330245411266,2.33250676221474
proc_errors,1984,0.38387219348883,0.578572113146123,0.0431570373859221,1.12986390159292
proc_errors,1985,0.0693698064685726,0.102372324993068,0.0047809014730711,0.260349185894883
proc_errors,1986,0.25808779305672,0.334119909819417,0.0302405855478847,0.76628168906721
proc_errors,1987,1.40745677058506,1.86970244246008,0.179483466326373,4.59732745690132
proc_errors,1988,1.35459187316587,1.86625914122908,0.146085928807797,4.91667227213925
proc_errors,1989,1.12900635420785,1.74410050810956,0.119395443835299,3.35826072472248
proc_errors,1990,2.16571038279107,3.00895385132068,0.276644370377224,6.55754407318552
proc_errors,1991,2.26909089777836,2.67027640766488,0.268885707257875,6.82995908419996
proc_errors,1992,1.60019788238696,2.03902715323649,0.21903677472972,4.70335038995925
proc_errors,1993,1.81641152751665,2.59876040991488,0.249063350778728,5.72958946644474
proc_errors,1994,1.93800617931059,2.53087383970241,0.221670292240947,5.88865427117615
proc_errors,1995,2.19810603163185,2.40307729143648,0.284319489349773,6.70270013355883
proc_errors,1996,2.95562059096508,4.83061402425353,0.326287654569148,8.0488376516887
proc_errors,1997,9.99463962210157,13.2828130467521,1.16792456497219,29.8597201149962
proc_errors,1998,189.614814739072,256.603106210972,27.0562623086852,615.125505181263
r,1950,0.643109189345227,0.163567930069993,0.418123462932297,0.936423441968481
sigma_obs,1950,1.39705123898182,0.112933414147932,1.23430224343042,1.59008247632958
sigma_proc,1950,1.32736344034151,0.108455000492176,1.17234661424841,1.51911326714098
sigma_ratio,1950,0.951135883524845,0.0451149355381536,0.879879027310632,1.02649003440618
terminal_ref,1950,0.177658123266501,0.0545935616635984,0.105310447030498,0.274593387894272
u_t,1950,0.00167492515568465,0.00095022460571206,0.000492740776051747,0.00328741884691949
u_t,1951,0.00685952777756308,0.00874057199858517,0.000653289411112828,0.0201396743227033
u_t,1952,0.00946653105907889,0.0116400017460147,0.000939309922395788,0.0291263779065868
u_t,1953,0.0115531703186086,0.0151513411473005,0.00113458464407746,0.0332610124371969
u_t,1954,0.0123539134498585,0.0154020758682264,0.00103564781014171,0.0362411027597052
u_t,1955,0.0106964805861592,0.0132308797842589,0.00090176285686196,0.0330112821211429
u_t,1956,0.015276866937976,0.0197175803510836,0.00151638784928236,0.0506728488740754
u_t,1957,0.0147057753940576,0.0191595128562567,0.00165900415023697,0.0482362370418984
u_t,1958,0.0166816027915486,0.0228117609276609,0.00146627263669237,0.0626209078913108
u_t,1959,0.0231615381388219,0.0355177020933552,0.00184057236108815,0.0912582439677422
u_t,1960,0.0197471334267238,0.0224861737456134,0.00208854098656674,0.0559358260329434
u_t,1961,0.0274432535102965,0.0301154166679047,0.00377335293957634,0.0794245037725719
u_t,1962,0.0277665669040723,0.0389739145927027,0.00351208786950093,0.0812375084923877
u_t,1963,0.0228074890833006,0.0265539691990985,0.00305575922129473,0.0682028510591429
u_t,1964,0.0276634323189659,0.0313107957311312,0.00356904837238217,0.0756717136809299
u_t,1965,0.0377586997580006,0.041386420664791,0.00548027213735656,0.111627670417587
u_t,1966,0.0585297118233686,0.0636833627583685,0.00866647700197478,0.170035192350106
u_t,1967,0.0576069679556592,0.0574507779795655,0.00903002173407719,0.155119852503749
u_t,1968,0.0461698306920158,0.0459391791955754,0.00703388636432997,0.129823659479215
u_t,1969,0.0415582823798209,0.0475180672999113,0.00654564518786727,0.11143043706598
u_t,1970,0.0451785211576855,0.0440535006715547,0.00754102716177319,0.131060888527972
u_t,1971,0.0459470074962798,0.0443164143505132,0.00652465173472755,0.128250829677334
u_t,1972,0.0473747787722101,0.0492629753619416,0.00777990828864559,0.128725171573207
u_t,1973,0.0490275663307187,0.0571432770163641,0.00795749505002507,0.141738744918437
u_t,1974,0.0417115458676453,0.0439229213085517,0.0065509677002933,0.118533895980308
u_t,1975,0.0443482555103831,0.0585477097457458,0.00572644346078174,0.128416520353177
u_t,1976,0.042640880267376,0.0590894752880862,0.00545452448268865,0.115844324096011
u_t,1977,0.0502866607450295,0.050154842853403,0.0079087769183812,0.13627159043951
u_t,1978,0.0539263879571464,0.0592201795349919,0.00693563050360177,0.15517263505911
u_t,1979,0.0391306352187983,0.0492934589122483,0.00538953055811791,0.117915141153013
u_t,1980,0.0411788623634221,0.044085374046884,0.00501534894565779,0.121822749372413
u_t,1981,0.0432758349891596,0.045697106981912,0.00557957974903646,0.125773037167941
u_t,1982,0.0424258348423957,0.0465263358971971,0.00552099882716166,0.129429668094552
u_t,1983,0.0525805936286469,0.0613805769696665,0.00618279038351881,0.170072828233378
u_t,1984,0.0773407182651188,0.0896553174445199,0.00605096396806781,0.28986423561401
u_t,1985,0.434155547280328,0.344492316359193,0.0328228136339051,1.05191439528772
u_t,1986,0.00859077488547175,0.0135416642685343,0.000556719396009366,0.0270596553762472
u_t,1987,0.0101325585044873,0.0150185476090345,0.000806829936816777,0.0302791900515393
u_t,1988,0.0548433704254274,0.0679299716019751,0.00550268382394248,0.207484522141432
u_t,1989,0.0572434376967242,0.0635385814257682,0.00623194697425443,0.174672009591304
u_t,1990,0.0247843048369645,0.0317564009060967,0.0027065239662593,0.0822829987348476
u_t,1991,0.0563167608658713,0.0610156566234665,0.00598804282842497,0.169485411783594
u_t,1992,0.0600636692026801,0.0703324123080537,0.00669406072903301,0.198020516734437
u_t,1993,0.0481764171718752,0.0544333064200219,0.00549877648645297,0.151224152355294
u_t,1994,0.0487732938751775,0.0526066340910716,0.00488765071579243,0.1547522644515
u_t,1995,0.0422926960347743,0.0473664899942425,0.00475830744724074,0.125870038854549
u_t,1996,0.0579235995659889,0.0731309735141978,0.00492471261013863,0.184881938685544
u_t,1997,0.0143154686825782,0.0172694999032452,0.00131590269821729,0.0413110395617434
u_t,1998,0.00241149018123368,0.00292090333041505,0.000257232778690849,0.00804116359528735
u_t,1999,1.52639107140634e-05,1.02887844704247e-05,3.84407846107674e-06,3.40494063513114e-05
umsy,1950,0.321554594672614,0.0817839650349965,0.209061731466148,0.468211720984241
b,1950,706499.908426884,0.609255302615506,304190.13512198,2029464.81081499
b,1951,256568.783257805,1.09854066986701,49653.2431841242,1530715.15164554
b,1952,177379.284831382,1.0519329537624,34333.1515549549,1064628.03980267
b,1953,151173.771265534,1.08622794222494,30065.2483474336,881382.157702309
b,1954,145255.358220451,1.12705542575434,27592.9831350477,965579.921821161
b,1955,164634.330522455,1.12079936543997,30292.6737706314,1108939.46513087
b,1956,237510.734673708,1.10618516127314,39468.8877018115,1318923.80550725
b,1957,231024.863704309,1.03042101308307,41462.6394969315,1205542.77869766
b,1958,230688.168669126,1.14922102258038,31938.2297970248,1364005.64429403
b,1959,260870.266204982,1.16814349540053,32874.1797199878,1629928.66308084
b,1960,334442.350567085,1.03885189234457,71510.6265334945,1915212.60422355
b,1961,464200.313281407,0.968470776107176,101983.64087089,2146633.96003464
b,1962,433607.968727681,0.997605428194882,88629.0237413956,2050062.64387401
b,1963,463648.277986871,0.982997599389936,96770.1499395228,2159857.78701324
b,1964,484404.269261968,0.962628305823375,113648.843338419,2409606.11311573
b,1965,596761.727928454,0.923195953864547,132583.61594058,2700597.27257421
b,1966,727750.485943929,0.924161763305034,164083.694900723,3219301.62193334
b,1967,753344.407674933,0.890171989759993,190820.646882597,3277954.47520111
b,1968,731542.446567537,0.903551798494931,175622.846142455,3241451.55926569
b,1969,693158.78309873,0.887647640406975,173202.239134839,2948529.65154278
b,1970,656395.174363092,0.881915601431474,155654.315843498,2705204.97697299
b,1971,674432.418291637,0.90335541838099,163741.634364955,3218562.783514
b,1972,607064.106822394,0.918970161249717,149155.006425124,2467897.06795812
b,1973,671434.398836543,0.916850572683485,150982.276365196,2689290.97458896
b,1974,632190.604415575,0.914632768431893,147637.099236067,2671363.43063813
b,1975,613422.917993683,0.967161432744365,130925.537193023,2936030.97119121
b,1976,574918.393587765,0.958441158880212,130744.592069444,2776778.90681414
b,1977,607516.795568174,0.891992354658949,152952.556587633,2635436.61495053
b,1978,619004.627811107,0.950844467409337,139238.478987765,3115218.19571338
b,1979,595860.983203226,0.930732503248608,127286.466261578,2784843.85433038
b,1980,542814.444713335,0.977596513768575,117252.327842607,2848063.32526526
b,1981,466610.3033911,0.979917913905335,102494.145795297,2310391.20021708
b,1982,455208.711519369,0.970412014467918,94846.9328904734,2223510.72299698
b,1983,334111.640477215,1.01117182347333,63149.4172916477,1737079.99926713
b,1984,165771.809149286,1.17662103333892,24152.6864982959,1157006.65367596
b,1985,47582.6397862436,1.22906571139225,11962.9507087558,383392.27470979
b,1986,1206.63083592574,1.23970405082751,184.776928284413,8981.19368797918
b,1987,192.720199962334,1.18086806437528,33.0259838553379,1239.41860707119
b,1988,163.106971725068,1.09774373962553,24.0981860905765,908.647731233752
b,1989,115.025581692446,1.04810548587682,22.9000637873365,641.856456853383
b,1990,69.9621230853287,1.06118279706613,12.1531803324562,369.477608456751
b,1991,87.0682842525359,1.04314973813093,17.7006393250419,500.998610907371
b,1992,111.361625354107,1.04010275489395,20.1999300989056,597.545344642919
b,1993,102.334089363949,1.03133282575017,19.8382498075836,545.575912640433
b,1994,103.457196702021,1.08418398731497,19.3858236577995,613.791886731985
b,1995,115.73898787783,1.03654549394254,23.8342925557756,630.476419422302
b,1996,153.87187285249,1.11110525356741,27.0443940203119,1015.28803955466
b,1997,239.406140189708,1.09243307800437,48.4132117862482,1519.8694328449
b,1998,1425.43851387329,1.06418224641432,248.720367007412,7775.06186363116
b,1999,163375.143283029,0.691971627128716,58738.1825287843,520281.531173644
b_div_bmsy,1950,1.46804920707261,0.0901072738286077,1.27295164727976,1.6943280832194
b_div_bmsy,1951,0.533129012939122,0.91018739116003,0.127336483976066,2.17102015926537
b_div_bmsy,1952,0.368579691719472,0.907309206372166,0.0853065960617002,1.540058109381
b_div_bmsy,1953,0.314126771128252,0.956875692408566,0.0720472412290285,1.4246913534369
b_div_bmsy,1954,0.301828791363035,0.956052432883503,0.0628508754300888,1.41732741748259
b_div_bmsy,1955,0.342096715792331,0.921618111853612,0.0779918834251252,1.47855742297565
b_div_bmsy,1956,0.493527941829953,0.988894764041138,0.097952798555434,2.63290058312208
b_div_bmsy,1957,0.480050830764218,0.885350891413267,0.115317086675451,1.86950912494674
b_div_bmsy,1958,0.479351205932662,0.955663255745704,0.0970993653005954,2.14095531560453
b_div_bmsy,1959,0.542067143793095,0.977111256867393,0.101070230826018,2.5066478875326
b_div_bmsy,1960,0.69494393658838,0.852781960963486,0.161344068244606,2.50626205922907
b_div_bmsy,1961,0.964570403629644,0.791069752811142,0.264080814039393,3.31895958225235
b_div_bmsy,1962,0.901002005914504,0.844642469851993,0.23409799715904,3.2654581259943
b_div_bmsy,1963,0.963423319296365,0.805449094393912,0.251785491916966,3.24775644933945
b_div_bmsy,1964,1.00655257688008,0.772416031156298,0.262936466757675,3.40265938953473
b_div_bmsy,1965,1.24002221521493,0.73496692799731,0.345829456412442,3.61073054299165
b_div_bmsy,1966,1.51220617454228,0.693003025838862,0.439769583329107,4.12572357958432
b_div_bmsy,1967,1.56538825716525,0.712411060256814,0.472647193359021,4.61353204625636
b_div_bmsy,1968,1.52008555955046,0.679184066814919,0.470408076865596,3.9215446700221
b_div_bmsy,1969,1.44032743637477,0.696887811181646,0.437842760115995,3.73766570882757
b_div_bmsy,1970,1.36393565484765,0.698855851823875,0.413651418935346,3.71982141473359
b_div_bmsy,1971,1.40141557711124,0.67834479277903,0.454730112285424,3.97233894555587
b_div_bmsy,1972,1.26142971857878,0.711590002205695,0.410215216324068,3.64024340850193
b_div_bmsy,1973,1.3951859371193,0.713508156688035,0.383874543764323,3.98788423490574
b_div_bmsy,1974,1.31364053195357,0.732986410538676,0.371567838915299,3.8134410944273
b_div_bmsy,1975,1.27464280974353,0.785492281717091,0.337010897722588,3.99583643401437
b_div_bmsy,1976,1.19463354739461,0.757474815550226,0.316686252124678,3.64620279975512
b_div_bmsy,1977,1.2623703688837,0.723421917140283,0.364883452934582,3.57155904864922
b_div_bmsy,1978,1.2862411476539,0.72869851095531,0.356026481800404,3.66477443481448
b_div_bmsy,1979,1.23815054111579,0.730894335922521,0.338999258408638,3.60088658067778
b_div_bmsy,1980,1.12792415914579,0.790828893924904,0.274993754051058,3.48719651579121
b_div_bmsy,1981,0.96957816658529,0.782937548016235,0.258133236286759,3.21865646422614
b_div_bmsy,1982,0.945886588275068,0.835162267425707,0.217765739884323,3.30481778475776
b_div_bmsy,1983,0.69425674798522,0.909902233217578,0.150082088404354,2.85843153264607
b_div_bmsy,1984,0.344460303637515,0.993951850386983,0.0754996431857998,1.73851298488859
b_div_bmsy,1985,0.0988728459486355,1.04229062089624,0.0271389377161601,0.561802330354026
b_div_bmsy,1986,0.00250728049753662,1.0743679034268,0.000478866875601077,0.0140104715742802
b_div_bmsy,1987,0.000400456862579846,1.02469598114889,7.4060403284556e-05,0.00202104398288735
b_div_bmsy,1988,0.000338922988740602,0.958973967191817,6.74947077337329e-05,0.00148366699356771
b_div_bmsy,1989,0.0002390137804443,0.946600831635424,5.5148796921861e-05,0.00112884552363298
b_div_bmsy,1990,0.000145375587590982,0.946506253964343,2.96467339324108e-05,0.000640241968688009
b_div_bmsy,1991,0.000180920795789935,0.918858394340401,4.10889478696701e-05,0.000756696810042764
b_div_bmsy,1992,0.000231400377904413,0.953378263082281,5.25973724845663e-05,0.00109371658602549
b_div_bmsy,1993,0.000212641894153607,0.957463263825915,4.61313594969752e-05,0.000929377509230256
b_div_bmsy,1994,0.000214975619632476,0.962725339760941,4.78061889724046e-05,0.000986204998376433
b_div_bmsy,1995,0.000240496180331803,0.907619985032044,5.74026107534633e-05,0.00104981331483963
b_div_bmsy,1996,0.000319733206243229,0.931060755038176,7.63982431034089e-05,0.00136912559411452
b_div_bmsy,1997,0.000497466439955225,0.954341141727248,0.000101065979075144,0.00236613746419438
b_div_bmsy,1998,0.00296194501239488,0.937244294845268,0.000631361910727828,0.011556683027018
b_div_bmsy,1999,0.339480227373371,0.30280437590116,0.210620850673224,0.549186769652583
c_div_msy,1950,0.00666493250725727,0.659113992480327,0.00220647204558272,0.016927301151621
c_div_msy,1951,0.00666493250725727,0.659113992480327,0.00220647204558272,0.016927301151621
c_div_msy,1952,0.00666493250725727,0.659113992480327,0.00220647204558272,0.016927301151621
c_div_msy,1953,0.00666493250725727,0.659113992480327,0.00220647204558272,0.016927301151621
c_div_msy,1954,0.00666493250725727,0.659113992480327,0.00220647204558272,0.016927301151621
c_div_msy,1955,0.00666493250725727,0.659113992480327,0.00220647204558272,0.016927301151621
c_div_msy,1956,0.0133298650145145,0.659113992480327,0.00441294409116544,0.0338546023032421
c_div_msy,1957,0.0133298650145145,0.659113992480327,0.00441294409116544,0.0338546023032421
c_div_msy,1958,0.0133298650145145,0.659113992480327,0.00441294409116544,0.0338546023032421
c_div_msy,1959,0.0199947975217718,0.659113992480327,0.00661941613674816,0.0507819034548632
c_div_msy,1960,0.0266597300290291,0.659113992480327,0.00882588818233088,0.0677092046064842
c_div_msy,1961,0.0539859533087838,0.659113992480327,0.01787242356922,0.137111139328131
c_div_msy,1962,0.0479875140522523,0.659113992480327,0.0158865987281956,0.121876568291672
c_div_msy,1963,0.0439885545478979,0.659113992480327,0.014562715500846,0.111720187600699
c_div_msy,1964,0.0573184195624125,0.659113992480327,0.0189756595920114,0.145574789903941
c_div_msy,1965,0.0986410011074075,0.659113992480327,0.0326557862746243,0.250524057043992
c_div_msy,1966,0.185951616952478,0.659113992480327,0.0615605700717579,0.472271702130227
c_div_msy,1967,0.197282002214815,0.659113992480327,0.0653115725492485,0.501048114087983
c_div_msy,1968,0.151960461165466,0.659113992480327,0.050307562639286,0.38594246625696
c_div_msy,1969,0.128633197390065,0.659113992480327,0.0425849104797465,0.326696912226286
c_div_msy,1970,0.135964623148048,0.659113992480327,0.0450120297298875,0.34531694349307
c_div_msy,1971,0.139963582652403,0.659113992480327,0.0463359129572371,0.355473324184042
c_div_msy,1972,0.127966704139339,0.659113992480327,0.0423642632751882,0.325004182111124
c_div_msy,1973,0.142629555655305,0.659113992480327,0.0472185017754702,0.362244244644691
c_div_msy,1974,0.116636318877002,0.659113992480327,0.0386132607976976,0.296227770153368
c_div_msy,1975,0.112057510244516,0.659113992480327,0.0370974145023823,0.284598714262205
c_div_msy,1976,0.100947067754919,0.659113992480327,0.0334192256023959,0.256380903242452
c_div_msy,1977,0.138917188248763,0.659113992480327,0.0459894968460806,0.352815737903238
c_div_msy,1978,0.1440025317518,0.659113992480327,0.0476730350168602,0.365731268681924
c_div_msy,1979,0.100033972001424,0.659113992480327,0.033116938932151,0.25406186298468
c_div_msy,1980,0.0952018959336628,0.659113992480327,0.0315172466991036,0.241789569649755
c_div_msy,1981,0.0859176449510534,0.659113992480327,0.0284436311396068,0.218209839145547
c_div_msy,1982,0.0818187114590902,0.659113992480327,0.0270866508315735,0.2077995489373
c_div_msy,1983,0.071581375127943,0.659113992480327,0.0236975097695584,0.18179921436841
c_div_msy,1984,0.0466611924833081,0.659113992480327,0.0154475107911246,0.118508035362499
c_div_msy,1985,0.0838715106713254,0.659113992480327,0.027766244221613,0.213013157691999
c_div_msy,1986,3.33246625362863e-05,0.659113992480327,1.10323602279136e-05,8.46365057581053e-05
c_div_msy,1987,6.66493250725727e-06,0.659113992480327,2.20647204558272e-06,1.6927301151621e-05
c_div_msy,1988,3.33246625362863e-05,0.659113992480327,1.10323602279136e-05,8.46365057581053e-05
c_div_msy,1989,2.66597300290291e-05,0.659113992480327,8.82588818233089e-06,6.77092046064843e-05
c_div_msy,1990,6.66493250725727e-06,0.659113992480327,2.20647204558272e-06,1.6927301151621e-05
c_div_msy,1991,1.99947975217718e-05,0.659113992480327,6.61941613674815e-06,5.07819034548632e-05
c_div_msy,1992,2.66597300290291e-05,0.659113992480327,8.82588818233089e-06,6.77092046064843e-05
c_div_msy,1993,1.99947975217718e-05,0.659113992480327,6.61941613674815e-06,5.07819034548632e-05
c_div_msy,1994,1.99947975217718e-05,0.659113992480327,6.61941613674815e-06,5.07819034548632e-05
c_div_msy,1995,1.99947975217718e-05,0.659113992480327,6.61941613674815e-06,5.07819034548632e-05
c_div_msy,1996,3.33246625362863e-05,0.659113992480327,1.10323602279136e-05,8.46365057581053e-05
c_div_msy,1997,1.33298650145145e-05,0.659113992480327,4.41294409116544e-06,3.38546023032421e-05
c_div_msy,1998,1.33298650145145e-05,0.659113992480327,4.41294409116544e-06,3.38546023032421e-05
c_div_msy,1999,1.33298650145145e-05,0.659113992480327,4.41294409116544e-06,3.38546023032421e-05
depletion,1950,0.734024603536305,0.0901072738286077,0.63647582363988,0.847164041609699
depletion,1951,0.266564506469561,0.91018739116003,0.0636682419880329,1.08551007963269
depletion,1952,0.184289845859736,0.907309206372166,0.0426532980308501,0.770029054690501
depletion,1953,0.157063385564126,0.956875692408566,0.0360236206145143,0.712345676718449
depletion,1954,0.150914395681518,0.956052432883503,0.0314254377150444,0.708663708741293
depletion,1955,0.171048357896166,0.921618111853612,0.0389959417125626,0.739278711487823
depletion,1956,0.246763970914977,0.988894764041138,0.048976399277717,1.31645029156104
depletion,1957,0.240025415382109,0.885350891413267,0.0576585433377254,0.934754562473371
depletion,1958,0.239675602966331,0.955663255745704,0.0485496826502977,1.07047765780227
depletion,1959,0.271033571896547,0.977111256867393,0.0505351154130092,1.2533239437663
depletion,1960,0.34747196829419,0.852781960963486,0.0806720341223029,1.25313102961454
depletion,1961,0.482285201814822,0.791069752811142,0.132040407019697,1.65947979112617
depletion,1962,0.450501002957252,0.844642469851993,0.11704899857952,1.63272906299715
depletion,1963,0.481711659648182,0.805449094393912,0.125892745958483,1.62387822466972
depletion,1964,0.503276288440039,0.772416031156298,0.131468233378838,1.70132969476736
depletion,1965,0.620011107607464,0.73496692799731,0.172914728206221,1.80536527149583
depletion,1966,0.756103087271141,0.693003025838862,0.219884791664553,2.06286178979216
depletion,1967,0.782694128582625,0.712411060256814,0.23632359667951,2.30676602312818
depletion,1968,0.76004277977523,0.679184066814919,0.235204038432798,1.96077233501105
depletion,1969,0.720163718187386,0.696887811181646,0.218921380057998,1.86883285441379
depletion,1970,0.681967827423823,0.698855851823875,0.206825709467673,1.8599107073668
depletion,1971,0.70070778855562,0.67834479277903,0.227365056142712,1.98616947277793
depletion,1972,0.630714859289389,0.711590002205695,0.205107608162034,1.82012170425096
depletion,1973,0.69759296855965,0.713508156688035,0.191937271882161,1.99394211745287
depletion,1974,0.656820265976784,0.732986410538676,0.185783919457649,1.90672054721365
depletion,1975,0.637321404871767,0.785492281717091,0.168505448861294,1.99791821700719
depletion,1976,0.597316773697306,0.757474815550226,0.158343126062339,1.82310139987756
depletion,1977,0.631185184441852,0.723421917140283,0.182441726467291,1.78577952432461
depletion,1978,0.643120573826951,0.72869851095531,0.178013240900202,1.83238721740724
depletion,1979,0.619075270557894,0.730894335922521,0.169499629204319,1.80044329033889
depletion,1980,0.563962079572895,0.790828893924904,0.137496877025529,1.7435982578956
depletion,1981,0.484789083292645,0.782937548016235,0.12906661814338,1.60932823211307
depletion,1982,0.472943294137534,0.835162267425707,0.108882869942162,1.65240889237888
depletion,1983,0.34712837399261,0.909902233217578,0.0750410442021768,1.42921576632304
depletion,1984,0.172230151818757,0.993951850386983,0.0377498215928999,0.869256492444295
depletion,1985,0.0494364229743178,1.04229062089624,0.0135694688580801,0.280901165177013
depletion,1986,0.00125364024876831,1.0743679034268,0.000239433437800538,0.00700523578714012
depletion,1987,0.000200228431289923,1.02469598114889,3.7030201642278e-05,0.00101052199144368
depletion,1988,0.000169461494370301,0.958973967191817,3.37473538668664e-05,0.000741833496783856
depletion,1989,0.00011950689022215,0.946600831635424,2.75743984609305e-05,0.000564422761816491
depletion,1990,7.26877937954908e-05,0.946506253964343,1.48233669662054e-05,0.000320120984344004
depletion,1991,9.04603978949674e-05,0.918858394340401,2.0544473934835e-05,0.000378348405021382
depletion,1992,0.000115700188952207,0.953378263082281,2.62986862422832e-05,0.000546858293012743
depletion,1993,0.000106320947076804,0.957463263825915,2.30656797484875e-05,0.000464688754615128
depletion,1994,0.000107487809816238,0.962725339760941,2.39030944862023e-05,0.000493102499188217
depletion,1995,0.000120248090165901,0.907619985032044,2.87013053767316e-05,0.000524906657419815
depletion,1996,0.000159866603121614,0.931060755038176,3.81991215517044e-05,0.000684562797057263
depletion,1997,0.000248733219977613,0.954341141727248,5.05329895375719e-05,0.00118306873209719
depletion,1998,0.00148097250619744,0.937244294845268,0.000315680955363914,0.00577834151350899
depletion,1999,0.169740113686686,0.30280437590116,0.105310425336612,0.274593384826291
ihat,1950,706499.908426884,0.609255302615506,304190.13512198,2029464.81081499
ihat,1951,256568.783257805,1.09854066986701,49653.2431841242,1530715.15164554
ihat,1952,177379.284831382,1.0519329537624,34333.1515549549,1064628.03980267
ihat,1953,151173.771265534,1.08622794222494,30065.2483474336,881382.157702309
ihat,1954,145255.358220451,1.12705542575434,27592.9831350477,965579.921821161
ihat,1955,164634.330522455,1.12079936543997,30292.6737706314,1108939.46513087
ihat,1956,237510.734673708,1.10618516127314,39468.8877018115,1318923.80550725
ihat,1957,231024.863704309,1.03042101308307,41462.6394969315,1205542.77869766
ihat,1958,230688.168669126,1.14922102258038,31938.2297970248,1364005.64429403
ihat,1959,260870.266204982,1.16814349540053,32874.1797199878,1629928.66308084
ihat,1960,334442.350567085,1.03885189234457,71510.6265334945,1915212.60422355
ihat,1961,464200.313281407,0.968470776107176,101983.64087089,2146633.96003464
ihat,1962,433607.968727681,0.997605428194882,88629.0237413956,2050062.64387401
ihat,1963,463648.277986871,0.982997599389936,96770.1499395228,2159857.78701324
ihat,1964,484404.269261968,0.962628305823375,113648.843338419,2409606.11311573
ihat,1965,596761.727928454,0.923195953864547,132583.61594058,2700597.27257421
ihat,1966,727750.485943929,0.924161763305034,164083.694900723,3219301.62193334
ihat,1967,753344.407674933,0.890171989759993,190820.646882597,3277954.47520111
ihat,1968,731542.446567537,0.903551798494931,175622.846142455,3241451.55926569
ihat,1969,693158.78309873,0.887647640406975,173202.239134839,2948529.65154278
ihat,1970,656395.174363092,0.881915601431474,155654.315843498,2705204.97697299
ihat,1971,674432.418291637,0.90335541838099,163741.634364955,3218562.783514
ihat,1972,607064.106822394,0.918970161249717,149155.006425124,2467897.06795812
ihat,1973,671434.398836543,0.916850572683485,150982.276365196,2689290.97458896
ihat,1974,632190.604415575,0.914632768431893,147637.099236067,2671363.43063813
ihat,1975,613422.917993683,0.967161432744365,130925.537193023,2936030.97119121
ihat,1976,574918.393587765,0.958441158880212,130744.592069444,2776778.90681414
ihat,1977,607516.795568174,0.891992354658949,152952.556587633,2635436.61495053
ihat,1978,619004.627811107,0.950844467409337,139238.478987765,3115218.19571338
ihat,1979,595860.983203226,0.930732503248608,127286.466261578,2784843.85433038
ihat,1980,542814.444713335,0.977596513768575,117252.327842607,2848063.32526526
ihat,1981,466610.3033911,0.979917913905335,102494.145795297,2310391.20021708
ihat,1982,455208.711519369,0.970412014467918,94846.9328904734,2223510.72299698
ihat,1983,334111.640477215,1.01117182347333,63149.4172916477,1737079.99926713
ihat,1984,165771.809149286,1.17662103333892,24152.6864982959,1157006.65367596
ihat,1985,47582.6397862436,1.22906571139225,11962.9507087558,383392.27470979
ihat,1986,1206.63083592574,1.23970405082751,184.776928284413,8981.19368797918
ihat,1987,192.720199962334,1.18086806437528,33.0259838553379,1239.41860707119
ihat,1988,163.106971725068,1.09774373962553,24.0981860905765,908.647731233752
ihat,1989,115.025581692446,1.04810548587682,22.9000637873365,641.856456853383
ihat,1990,69.9621230853287,1.06118279706613,12.1531803324562,369.477608456751
ihat,1991,87.0682842525359,1.04314973813093,17.7006393250419,500.998610907371
ihat,1992,111.361625354107,1.04010275489395,20.1999300989056,597.545344642919
ihat,1993,102.334089363949,1.03133282575017,19.8382498075836,545.575912640433
ihat,1994,103.457196702021,1.08418398731497,19.3858236577995,613.791886731985
ihat,1995,115.73898787783,1.03654549394254,23.8342925557756,630.476419422302
ihat,1996,153.87187285249,1.11110525356741,27.0443940203119,1015.28803955466
ihat,1997,239.406140189708,1.09243307800437,48.4132117862482,1519.8694328449
ihat,1998,1425.43851387329,1.06418224641432,248.720367007412,7775.06186363116
ihat,1999,163375.143283029,0.691971627128716,58738.1825287843,520281.531173644
sigma_ratio,1950,0.950066624461331,0.0474603510038259,0.879879027289937,1.02649002723817
u_div_umsy,1950,0.00453999258004954,0.667642269482664,0.0014496205392902,0.0118893000199285
u_div_umsy,1951,0.0125015377994788,1.12892248663055,0.00205382305234708,0.0676963489076858
u_div_umsy,1952,0.0180827448093097,1.0877834501327,0.00285976953952874,0.0950374844081014
u_div_umsy,1953,0.0212173336367313,1.08453716135244,0.00376963425301497,0.109403201427202
u_div_umsy,1954,0.0220818314818774,1.14397124115375,0.00328881516187854,0.120546274517783
u_div_umsy,1955,0.0194825971708632,1.14299981298534,0.00279370605490518,0.114437044017022
u_div_umsy,1956,0.0270093420953811,1.11881167266169,0.00460886490198953,0.162022224791697
u_div_umsy,1957,0.027767611594993,1.03345274567564,0.00551496175910715,0.145377641205155
u_div_umsy,1958,0.027808139104561,1.15710912072295,0.00492137208997414,0.207554312955319
u_div_umsy,1959,0.0368862008161184,1.1820467919708,0.00595751447192904,0.293544231414082
u_div_umsy,1960,0.0383624183555109,1.05997665463834,0.00637265349882725,0.184829806018639
u_div_umsy,1961,0.0559689091699648,0.990040202320531,0.0112201963064209,0.265439488497079
u_div_umsy,1962,0.0532601633928058,1.00713516410685,0.0114107680716487,0.256111414140727
u_div_umsy,1963,0.0456585943757568,1.00193172560178,0.00936666011332381,0.226030287775214
u_div_umsy,1964,0.0569452812292005,0.970285108040441,0.0106191567690868,0.249452073165254
u_div_umsy,1965,0.0795477693037222,0.933816594563335,0.0172092309190709,0.36040161928397
u_div_umsy,1966,0.122967105995822,0.930241163341882,0.0282963796615005,0.539501011996503
u_div_umsy,1967,0.126027521486632,0.890982680921197,0.0294348514956258,0.51122507494782
u_div_umsy,1968,0.0999683604720286,0.927717080858609,0.022850814699824,0.452386253220769
u_div_umsy,1969,0.0893083018079751,0.897251488325281,0.0214880454038429,0.366246686194343
u_div_umsy,1970,0.0996855113104552,0.893856595385265,0.0238141301458935,0.43534145518469
u_div_umsy,1971,0.0998730033677174,0.913840302009224,0.0210639391160661,0.413289516023109
u_div_umsy,1972,0.101445766065759,0.929548915973192,0.0241948496516717,0.420614655353648
u_div_umsy,1973,0.102229783042251,0.923761920747869,0.0244800282868527,0.467344154466186
u_div_umsy,1974,0.088788611526433,0.91437282587203,0.0206716427064333,0.374814543549577
u_div_umsy,1975,0.0879128720516324,0.957905797767951,0.0177974992515168,0.408678682868147
u_div_umsy,1976,0.0845004461619841,0.96935820488671,0.0176565074649808,0.369941817474239
u_div_umsy,1977,0.11004471561829,0.914868996374703,0.0245704478723173,0.476187471654897
u_div_umsy,1978,0.111956091604176,0.951822970473378,0.0232833031319058,0.504783379790738
u_div_umsy,1979,0.0807930608432125,0.943975789668153,0.0164337678646638,0.373209510960796
u_div_umsy,1980,0.0844045188337503,0.994820582729135,0.015692524233,0.379953386436759
u_div_umsy,1981,0.0886134278927119,1.00178598542281,0.0176276958891793,0.408180796334408
u_div_umsy,1982,0.0864994942028895,0.970449733508633,0.0184850266389025,0.399489524802827
u_div_umsy,1983,0.103105047715671,1.02390660993358,0.019252087963786,0.570754974576512
u_div_umsy,1984,0.135461741136973,1.1939543815628,0.0184685074590684,0.946504545826412
u_div_umsy,1985,0.848276489531784,1.25734475391715,0.100417631415022,3.84674011142192
u_div_umsy,1986,0.0132911585157813,1.26938906983245,0.00164825914084761,0.0928195952136657
u_div_umsy,1987,0.0166433219905886,1.20426278577662,0.0023735951240296,0.102228308186456
u_div_umsy,1988,0.0983251760528752,1.13673682531239,0.0161291743019186,0.705233291689638
u_div_umsy,1989,0.111540556278686,1.07666516369493,0.0194254211959791,0.55939632818688
u_div_umsy,1990,0.04584629797686,1.08139106619652,0.00818249690946812,0.264908926128172
u_div_umsy,1991,0.110516855922895,1.06166845754669,0.0182175126815389,0.579999902812349
u_div_umsy,1992,0.1152103996997,1.05675199407259,0.0215545039985681,0.636940101322013
u_div_umsy,1993,0.0940303772281489,1.04917717065883,0.0169160064178762,0.504290333431514
u_div_umsy,1994,0.0930096052564244,1.09744586073202,0.0156717415814988,0.508419458063267
u_div_umsy,1995,0.083139771676148,1.04867929847166,0.0153591856180539,0.416391902340885
u_div_umsy,1996,0.104226467209463,1.12688782825904,0.0162414234393334,0.6069224458917
u_div_umsy,1997,0.0267955060761773,1.11767280697952,0.00413881887064467,0.142410560536289
u_div_umsy,1998,0.00450037558385889,1.09062007633279,0.000759541444515241,0.0275580373596505
u_div_umsy,1999,3.92655122145124e-05,0.745459972926131,1.14435142834578e-05,0.00011765657201866
